feature_id,category,category_zh,side,kind,geometry_type,gate_index,source,symmetry,default_traversability,capability_tag,height_difference_m,physical_direction,center_x_m,center_y_m,center_x_px,center_y_px,field_geometry_m,note
blue_fly_ramp,fly_ramp,飞坡,blue,crossing_gate,polygon,1,user_annotation,blue_direct,vehicle_dependent,fly_ramp_capable,,blue_right_to_left,14.006,14.887,1169,84,"[[12.8678, 15.0], [15.1442, 15.0], [15.1442, 14.41], [12.8678, 14.41]]",用户标注的飞坡通路。 常规为单向飞坡；反向飞坡仅对有明确证据的机器人开放。
red_fly_ramp,fly_ramp,飞坡,red,crossing_gate,polygon,1,user_annotation_derived,red_180_rotated_from_blue,vehicle_dependent,fly_ramp_capable,,red_left_to_right,13.982,0.1263,1167,1198,"[[15.1202, 0.0], [12.8438, 0.0], [12.8438, 0.6033], [15.1202, 0.6033]]",用户标注的飞坡通路。 常规为单向飞坡；反向飞坡仅对有明确证据的机器人开放。
blue_road_tunnel,road_tunnel,公路隧道,blue,crossing_gate,polygon,2,user_annotation,blue_direct,vehicle_dependent,road_tunnel_fit,,asymmetric_up_down,18.5588,13.1777,1549,213,"[[18.9183, 13.9727], [18.9183, 12.3827], [18.1994, 12.3827], [18.1994, 13.9727]]",公路与中央高地之间的隧道通路。 上行与下行分开建模，通行能力和代价可以不同。
red_road_tunnel,road_tunnel,公路隧道,red,crossing_gate,polygon,2,user_annotation_derived,red_180_rotated_from_blue,vehicle_dependent,road_tunnel_fit,,asymmetric_up_down,9.4292,1.8355,787,1069,"[[9.0697, 1.0405], [9.0697, 2.6306], [9.7886, 2.6306], [9.7886, 1.0405]]",公路与中央高地之间的隧道通路。 上行与下行分开建模，通行能力和代价可以不同。
blue_road_step,road_step,公路台阶,blue,crossing_gate,polygon,3,user_annotation,blue_direct,vehicle_dependent,road_step_capable,,asymmetric_up_down,19.6731,13.1777,1642,213,"[[20.0325, 13.9727], [20.0325, 12.3827], [19.3136, 12.3827], [19.3136, 13.9727]]",与公路隧道并列的公路台阶。 上行与下行分开建模，通行能力和代价可以不同。
red_road_step,road_step,公路台阶,red,crossing_gate,polygon,3,user_annotation_derived,red_180_rotated_from_blue,vehicle_dependent,road_step_capable,,asymmetric_up_down,8.3149,1.8355,694,1069,"[[7.9555, 1.0405], [7.9555, 2.6306], [8.6744, 2.6306], [8.6744, 1.0405]]",与公路隧道并列的公路台阶。 上行与下行分开建模，通行能力和代价可以不同。
blue_rough_road,rough_road,起伏路段,blue,crossing_gate,polygon,4,user_annotation,blue_direct,vehicle_dependent,rough_terrain_capable,,asymmetric_up_down,22.2011,14.3172,1853,127,"[[21.1827, 14.9135], [23.2195, 14.9135], [23.2195, 13.721], [21.1827, 13.721]]",起伏路段的轨迹检测区。 上行与下行分开建模，通行能力和代价可以不同。
red_rough_road,rough_road,起伏路段,red,crossing_gate,polygon,4,user_annotation_derived,red_180_rotated_from_blue,vehicle_dependent,rough_terrain_capable,,asymmetric_up_down,5.7869,0.696,483,1155,"[[6.8053, 0.0998], [4.7685, 0.0998], [4.7685, 1.2923], [6.8053, 1.2923]]",起伏路段的轨迹检测区。 上行与下行分开建模，通行能力和代价可以不同。
blue_central_highland_step,central_highland_step,中央高地台阶,blue,crossing_gate,polygon,5,user_annotation,blue_direct,vehicle_dependent,central_highland_step_capable,,asymmetric_up_down,18.3552,7.4536,1532,645,"[[17.2169, 9.0436], [19.4934, 9.0436], [19.4934, 5.8636], [17.2169, 5.8636]]",中央高地边缘最凸出的常规台阶跨越点；纵向宽度取中央高地内部白色竖线的 OpenCV 检测长度。 上行与下行分开建模，通行能力和代价可以不同。
red_central_highland_step,central_highland_step,中央高地台阶,red,crossing_gate,polygon,5,user_annotation_derived,red_180_rotated_from_blue,vehicle_dependent,central_highland_step_capable,,asymmetric_up_down,9.6329,7.5596,804,637,"[[10.7711, 5.9696], [8.4947, 5.9696], [8.4947, 9.1496], [10.7711, 9.1496]]",中央高地边缘最凸出的常规台阶跨越点；纵向宽度取中央高地内部白色竖线的 OpenCV 检测长度。 上行与下行分开建模，通行能力和代价可以不同。
blue_highland_tunnel,highland_tunnel,高地隧道,blue,crossing_gate,polygon,6,user_annotation,blue_direct,vehicle_dependent,highland_tunnel_fit,,asymmetric_up_down,14.1138,1.1863,1178,1118,"[[13.0355, 1.6235], [15.1921, 1.6235], [15.1921, 0.749], [13.0355, 0.749]]",中央高地下方隧道通路。 上行与下行分开建模，通行能力和代价可以不同。
red_highland_tunnel,highland_tunnel,高地隧道,red,crossing_gate,polygon,6,user_annotation_derived,red_180_rotated_from_blue,vehicle_dependent,highland_tunnel_fit,,asymmetric_up_down,13.8742,13.827,1158,164,"[[14.9525, 13.3897], [12.7959, 13.3897], [12.7959, 14.2642], [14.9525, 14.2642]]",中央高地下方隧道通路。 上行与下行分开建模，通行能力和代价可以不同。
blue_slope_43,slope_43,43°坡,blue,crossing_gate,polygon,7,user_annotation,blue_direct,vehicle_dependent,slope_43_capable,,asymmetric_up_down,24.0103,4.6048,2004,860,"[[24.3937, 5.698], [24.3937, 3.5117], [23.6269, 3.5117], [23.6269, 5.698]]",通往梯形高地上层平台的 43° 坡。 上行与下行分开建模，通行能力和代价可以不同。
red_slope_43,slope_43,43°坡,red,crossing_gate,polygon,7,user_annotation_derived,red_180_rotated_from_blue,vehicle_dependent,slope_43_capable,,asymmetric_up_down,3.9777,10.4084,332,422,"[[3.5944, 9.3153], [3.5944, 11.5016], [4.3611, 11.5016], [4.3611, 9.3153]]",通往梯形高地上层平台的 43° 坡。 上行与下行分开建模，通行能力和代价可以不同。
blue_trapezoid_highland_step,trapezoid_highland_step,梯形高地台阶,blue,crossing_gate,polygon,8,user_annotation,blue_direct,vehicle_dependent,trapezoid_step_capable,,asymmetric_up_down,24.0103,2.5246,2004,1017,"[[24.3937, 3.3527], [24.3937, 1.6964], [23.6269, 1.6964], [23.6269, 3.3527]]",梯形高地上层平台的台阶入口。 上行与下行分开建模，通行能力和代价可以不同。
red_trapezoid_highland_step,trapezoid_highland_step,梯形高地台阶,red,crossing_gate,polygon,8,user_annotation_derived,red_180_rotated_from_blue,vehicle_dependent,trapezoid_step_capable,,asymmetric_up_down,3.9777,12.4887,332,265,"[[3.5944, 11.6606], [3.5944, 13.3168], [4.3611, 13.3168], [4.3611, 11.6606]]",梯形高地上层平台的台阶入口。 上行与下行分开建模，通行能力和代价可以不同。
blue_trapezoid_highland_boundary,trapezoid_highland_boundary,梯形高地边界,blue,terrain_boundary,polyline,,user_annotation_opencv_canny_hough,blue_direct,boundary_requires_crossing_capability,,,,23.6058,3.4546,1970.239,946.81,"[[23.1356, 4.6446], [23.1476, 4.6446], [23.1596, 4.6446], [23.1716, 4.6446], [23.1836, 4.6446], [23.1955, 4.6446], [23.2075, 4.6446], [23.2195, 4.6446], [23.2315, 4.6446], [23.2435, 4.6446], [23.2555, 4.6446], [23.2674, 4.6446], [23.2794, 4.6446], [23.2914, 4.6446], [23.3034, 4.6446], [23.3154, 4.6446], [23.3273, 4.6446], [23.3393, 4.6446], [23.3513, 4.6446], [23.3633, 4.6446], [23.3753, 4.6446], [23.3872, 4.6446], [23.3992, 4.6446], [23.4112, 4.6446], [23.4232, 4.6446], [23.4352, 4.6446], [23.4472, 4.6446], [23.4591, 4.6446], [23.4711, 4.6446], [23.4831, 4.6446], [23.4951, 4.6446], [23.5071, 4.6446], [23.519, 4.6446], [23.531, 4.6446], [23.543, 4.6446], [23.555, 4.6446], [23.567, 4.6446], [23.5789, 4.6446], [23.5909, 4.6446], [23.6029, 4.6446], [23.6149, 4.6446], [23.6269, 4.6446], [23.6389, 4.6446], [23.6508, 4.6446], [23.6628, 4.6446], [23.6748, 4.6446], [23.6868, 4.6446], [23.6988, 4.6446], [23.7107, 4.6446], [23.7227, 4.6446], [23.7347, 4.6446], [23.7467, 4.6446], [23.7587, 4.6446], [23.7706, 4.6446], [23.7826, 4.6446], [23.7946, 4.6446], [23.8066, 4.6446], [23.8186, 4.6446], [23.8306, 4.6446], [23.8425, 4.6446], [23.8545, 4.6446], [23.8665, 4.6446], [23.8785, 4.6446], [23.8905, 4.6446], [23.9024, 4.6446], [23.9144, 4.6446], [23.9264, 4.6446], [23.9384, 4.6446], [23.9504, 4.6446], [23.9623, 4.6446], [23.9743, 4.6446], [23.9863, 4.6446], [23.9983, 4.6446], [24.0103, 4.6446], [24.0223, 4.6446], [24.0342, 4.6446], [24.0462, 4.6446], [24.0582, 4.6446], [24.0702, 4.6446], [24.0822, 4.6446], [24.0941, 4.6446], [24.1061, 4.6446], [24.1181, 4.6446], [24.1301, 4.6446], [24.1421, 4.6446], [24.154, 4.6446], [24.166, 4.6446], [24.178, 4.6446], [24.19, 4.6446], [24.202, 4.6446], [24.2139, 4.6446], [24.2259, 4.6446], [24.2379, 4.6446], [24.2499, 4.6446], [24.2619, 4.6446], [24.2739, 4.6446], [24.2858, 4.6446], [24.2978, 4.6446], [24.3098, 4.6446], [24.3218, 4.6446], [24.3338, 4.6446], [24.3457, 4.6446], [24.3577, 4.6446], [24.3697, 4.6446], [24.3817, 4.6446], [24.3937, 4.6446], [24.4056, 4.6446], [24.4176, 4.6446], [24.4296, 4.6446], [24.4416, 4.6446], [24.4536, 4.6446], [24.4656, 4.6446], [24.4775, 4.6446], [24.4895, 4.6446], [24.5015, 4.6446], [24.5135, 4.6446], [24.5255, 4.6446], [24.5374, 4.6446], [24.5494, 4.6446], [24.5614, 4.6446], [24.5734, 4.6446], [24.5854, 4.6446], [24.5973, 4.6446], [24.6093, 4.6446], [24.6213, 4.6446], [24.6333, 4.6446], [24.6453, 4.6446], [24.6573, 4.6446], [24.6573, 4.6313], [24.6573, 4.6181], [24.6573, 4.6048], [24.6573, 4.5916], [24.6573, 4.5783], [24.6573, 4.5651], [24.6573, 4.5518], [24.6573, 4.5386], [24.6573, 4.5253], [24.6573, 4.5121], [24.6573, 4.4988], [24.6573, 4.4856], [24.6573, 4.4723], [24.6573, 4.4591], [24.6573, 4.4458], [24.6573, 4.4326], [24.6573, 4.4193], [24.6573, 4.4061], [24.6573, 4.3928], [24.6573, 4.3796], [24.6573, 4.3663], [24.6573, 4.3531], [24.6573, 4.3398], [24.6573, 4.3266], [24.6573, 4.3133], [24.6573, 4.3001], [24.6573, 4.2868], [24.6573, 4.2736], [24.6573, 4.2603], [24.6573, 4.2471], [24.6573, 4.2338], [24.6573, 4.2206], [24.6573, 4.2073], [24.6573, 4.1941], [24.6573, 4.1808], [24.6573, 4.1676], [24.6573, 4.1543], [24.6573, 4.1411], [24.6573, 4.1278], [24.6573, 4.1146], [24.6573, 4.1013], [24.6573, 4.0881], [24.6573, 4.0748], [24.6573, 4.0616], [24.6573, 4.0483], [24.6573, 4.0351], [24.6573, 4.0218], [24.6573, 4.0086], [24.6573, 3.9953], [24.6573, 3.9821], [24.6573, 3.9688], [24.6573, 3.9556], [24.6573, 3.9423], [24.6573, 3.9291], [24.6573, 3.9158], [24.6573, 3.9026], [24.6573, 3.8893], [24.6573, 3.8761], [24.6573, 3.8628], [24.6573, 3.8496], [24.6573, 3.8363], [24.6573, 3.8231], [24.6573, 3.8098], [24.6573, 3.7966], [24.6573, 3.7833], [24.6573, 3.7701], [24.6573, 3.7568], [24.6573, 3.7436], [24.6573, 3.7303], [24.6573, 3.7171], [24.6573, 3.7038], [24.6573, 3.6906], [24.6573, 3.6773], [24.6573, 3.6641], [24.6573, 3.6508], [24.6573, 3.6376], [24.6573, 3.6243], [24.6573, 3.6111], [24.6573, 3.5978], [24.6573, 3.5846], [24.6573, 3.5713], [24.6573, 3.5581], [24.6573, 3.5448], [24.6573, 3.5316], [24.6573, 3.5183], [24.6573, 3.5051], [24.6573, 3.4918], [24.6573, 3.4786], [24.6573, 3.4653], [24.6573, 3.4521], [24.6573, 3.4388], [24.6573, 3.4256], [24.6573, 3.4123], [24.6573, 3.3991], [24.6573, 3.3858], [24.6573, 3.3726], [24.6573, 3.3593], [24.6573, 3.3461], [24.6573, 3.3328], [24.6573, 3.3196], [24.6573, 3.3063], [24.6573, 3.2931], [24.6573, 3.2798], [24.6573, 3.2666], [24.6573, 3.2533], [24.6573, 3.2401], [24.6573, 3.2268], [24.6573, 3.2136], [24.6573, 3.2003], [24.6573, 3.1871], [24.6573, 3.1738], [24.6573, 3.1606], [24.6573, 3.1473], [24.6573, 3.1341], [24.6573, 3.1208], [24.6573, 3.1076], [24.6573, 3.0943], [24.6573, 3.0811], [24.6573, 3.0678], [24.6573, 3.0546], [24.6573, 3.0413], [24.6573, 3.0281], [24.6573, 3.0148], [24.6573, 3.0016], [24.6573, 2.9883], [24.6573, 2.9751], [24.6573, 2.9618], [24.6573, 2.9486], [24.6573, 2.9353], [24.6573, 2.9221], [24.6573, 2.9088], [24.6573, 2.8956], [24.6573, 2.8823], [24.6573, 2.8691], [24.6573, 2.8558], [24.6573, 2.8426], [24.6573, 2.8293], [24.6573, 2.8161], [24.6573, 2.8028], [24.6573, 2.7896], [24.6573, 2.7763], [24.6573, 2.7631], [24.6573, 2.7498], [24.6573, 2.7366], [24.6573, 2.7233], [24.6573, 2.7101], [24.6573, 2.6968], [24.6573, 2.6836], [24.6573, 2.6703], [24.6573, 2.6571], [24.6573, 2.6438], [24.6573, 2.6306], [24.6573, 2.6173], [24.6573, 2.6041], [24.6573, 2.5908], [24.6573, 2.5776], [24.6573, 2.5643], [24.6573, 2.5511], [24.6573, 2.5378], [24.6453, 2.5378], [24.6333, 2.5378], [24.6213, 2.5378], [24.6093, 2.5378], [24.5973, 2.5378], [24.5854, 2.5378], [24.5734, 2.5378], [24.5614, 2.5378], [24.5494, 2.5378], [24.5374, 2.5378], [24.5255, 2.5378], [24.5135, 2.5378], [24.5015, 2.5378], [24.4895, 2.5378], [24.4775, 2.5378], [24.4656, 2.5378], [24.4536, 2.5378], [24.4416, 2.5378], [24.4296, 2.5378], [24.4176, 2.5378], [24.4056, 2.5378], [24.3937, 2.5378], [24.3817, 2.5378], [24.3697, 2.5378], [24.3577, 2.5378], [24.3457, 2.5378], [24.3338, 2.5378], [24.3218, 2.5378], [24.3098, 2.5378], [24.2978, 2.5378], [24.2858, 2.5378], [24.2739, 2.5378], [24.2619, 2.5378], [24.2499, 2.5378], [24.2379, 2.5378], [24.2259, 2.5378], [24.2139, 2.5378], [24.202, 2.5378], [24.19, 2.5378], [24.178, 2.5378], [24.166, 2.5378], [24.154, 2.5378], [24.1421, 2.5378], [24.1301, 2.5378], [24.1181, 2.5378], [24.1061, 2.5378], [24.0941, 2.5378], [24.0822, 2.5378], [24.0702, 2.5378], [24.0582, 2.5378], [24.0462, 2.5378], [24.0342, 2.5378], [24.0223, 2.5378], [24.0103, 2.5378], [23.9983, 2.5378], [23.9863, 2.5378], [23.9743, 2.5378], [23.9623, 2.5378], [23.9504, 2.5378], [23.9384, 2.5378], [23.9264, 2.5378], [23.9144, 2.5378], [23.9024, 2.5378], [23.8905, 2.5378], [23.8785, 2.5378], [23.8665, 2.5378], [23.8545, 2.5378], [23.8425, 2.5378], [23.8306, 2.5378], [23.8186, 2.5378], [23.8066, 2.5378], [23.7946, 2.5378], [23.7826, 2.5378], [23.7706, 2.5378], [23.7587, 2.5378], [23.7467, 2.5378], [23.7347, 2.5378], [23.7227, 2.5378], [23.7107, 2.5378], [23.6988, 2.5378], [23.6868, 2.5378], [23.6748, 2.5378], [23.6628, 2.5378], [23.6508, 2.5378], [23.6389, 2.5378], [23.6269, 2.5378], [23.6149, 2.5378], [23.6029, 2.5378], [23.5909, 2.5378], [23.5789, 2.5378], [23.567, 2.5378], [23.555, 2.5378], [23.543, 2.5378], [23.531, 2.5378], [23.519, 2.5378], [23.5071, 2.5378], [23.4951, 2.5378], [23.4831, 2.5378], [23.4711, 2.5378], [23.4591, 2.5378], [23.4472, 2.5378], [23.4352, 2.5378], [23.4232, 2.5378], [23.4112, 2.5378], [23.3992, 2.5378], [23.3872, 2.5246], [23.3753, 2.5246], [23.3633, 2.5246], [23.3513, 2.5246], [23.3393, 2.5246], [23.3273, 2.5246], [23.3154, 2.5246], [23.3034, 2.5246], [23.2914, 2.5246], [23.2794, 2.5246], [23.2674, 2.5246], [23.2555, 2.5246], [23.2435, 2.5246], [23.2315, 2.5246], [23.2195, 2.5246], [23.2075, 2.5246], [23.1955, 2.5246], [23.1836, 2.5246], [23.1716, 2.5246], [23.1596, 2.5246], [23.1476, 2.5246], [23.1356, 2.5246], [23.1237, 2.5246], [23.1117, 2.5246], [23.0997, 2.5246], [23.0877, 2.5246], [23.0757, 2.5246], [23.0638, 2.5246], [23.0518, 2.5246], [23.0398, 2.5246], [23.0278, 2.5246], [23.0158, 2.5246], [23.0039, 2.5246], [22.9919, 2.5246], [22.9799, 2.5246], [22.9679, 2.5246], [22.9559, 2.5246], [22.9439, 2.5246], [22.932, 2.5246], [22.92, 2.5246], [22.908, 2.5246], [22.896, 2.5246], [22.884, 2.5246], [22.8721, 2.5246], [22.8601, 2.5246], [22.8481, 2.5246], [22.8361, 2.5246], [22.8241, 2.5246], [22.8122, 2.5246], [22.8002, 2.5246], [22.7882, 2.5246], [22.7762, 2.5246], [22.7642, 2.5246], [22.7522, 2.5246], [22.7403, 2.5246], [22.7283, 2.5246], [22.7163, 2.5246], [22.7043, 2.5246], [22.6923, 2.5246], [22.6804, 2.5246], [22.6684, 2.5246], [22.6564, 2.5246], [22.6444, 2.5246], [22.6324, 2.5246], [22.6205, 2.5246], [22.6085, 2.5246], [22.5965, 2.5246], [22.5845, 2.5246], [22.5725, 2.5246], [22.5605, 2.5246], [22.5486, 2.5246], [22.5366, 2.5246], [22.5246, 2.5246], [22.5126, 2.5246], [22.5006, 2.5246], [22.4887, 2.5246], [22.4767, 2.5246], [22.4647, 2.5246], [22.4527, 2.5246], [22.4407, 2.5246], [22.4288, 2.5246], [22.4168, 2.5246], [22.4048, 2.5246], [22.3928, 2.5246], [22.3808, 2.5246], [22.3688, 2.5246], [22.3569, 2.5246], [22.3449, 2.5246], [22.3329, 2.5246], [22.3209, 2.5246], [22.3089, 2.5246], [22.297, 2.5246], [22.285, 2.5246], [22.273, 2.5246], [22.261, 2.5246], [22.249, 2.5246], [22.2371, 2.5246], [22.2251, 2.5246], [22.2131, 2.5246], [22.2011, 2.5246], [22.1891, 2.5246], [22.1772, 2.5246], [22.1652, 2.5246], [22.1532, 2.5246], [22.1412, 2.5246], [22.1292, 2.5246], [22.1292, 2.5378], [22.1412, 2.5511], [22.1412, 2.5643], [22.1532, 2.5776], [22.1532, 2.5908], [22.1652, 2.6041], [22.1652, 2.6173], [22.1652, 2.6306], [22.1772, 2.6438], [22.1772, 2.6571], [22.1891, 2.6703], [22.1891, 2.6836], [22.2011, 2.6968], [22.2011, 2.7101], [22.2011, 2.7233], [22.2131, 2.7366], [22.2131, 2.7498], [22.2251, 2.7631], [22.2251, 2.7763], [22.2371, 2.7896], [22.2371, 2.8028], [22.2371, 2.8161], [22.249, 2.8293], [22.249, 2.8426], [22.261, 2.8558], [22.261, 2.8691], [22.273, 2.8823], [22.273, 2.8956], [22.273, 2.9088], [22.285, 2.9221], [22.285, 2.9353], [22.297, 2.9486], [22.297, 2.9618], [22.3089, 2.9751], [22.3089, 2.9883], [22.3089, 3.0016], [22.3209, 3.0148], [22.3209, 3.0281], [22.3329, 3.0413], [22.3329, 3.0546], [22.3329, 3.0678], [22.3449, 3.0811], [22.3449, 3.0943], [22.3569, 3.1076], [22.3569, 3.1208], [22.3688, 3.1341], [22.3688, 3.1473], [22.3688, 3.1606], [22.3808, 3.1738], [22.3808, 3.1871], [22.3928, 3.2003], [22.3928, 3.2136], [22.4048, 3.2268], [22.4048, 3.2401], [22.4048, 3.2533], [22.4168, 3.2666], [22.4168, 3.2798], [22.4288, 3.2931], [22.4288, 3.3063], [22.4407, 3.3196], [22.4407, 3.3328], [22.4407, 3.3461], [22.4527, 3.3593], [22.4527, 3.3726], [22.4647, 3.3858], [22.4647, 3.3991], [22.4767, 3.4123], [22.4767, 3.4256], [22.4887, 3.4388], [22.4887, 3.4521], [22.5006, 3.4653], [22.5126, 3.4786], [22.5246, 3.4918], [22.5246, 3.5051], [22.5366, 3.5183], [22.5486, 3.5316], [22.5605, 3.5448], [22.5605, 3.5581], [22.5725, 3.5713], [22.5845, 3.5846], [22.5965, 3.5978], [22.5965, 3.6111], [22.6085, 3.6243], [22.6205, 3.6376], [22.6205, 3.6508], [22.6324, 3.6641], [22.6444, 3.6773], [22.6564, 3.6906], [22.6564, 3.7038], [22.6684, 3.7171], [22.6804, 3.7303], [22.6923, 3.7436], [22.6923, 3.7568], [22.7043, 3.7701], [22.7163, 3.7833], [22.7283, 3.7966], [22.7283, 3.8098], [22.7403, 3.8231], [22.7522, 3.8363], [22.7522, 3.8496], [22.7642, 3.8628], [22.7762, 3.8761], [22.7882, 3.8893], [22.7882, 3.9026], [22.8002, 3.9158], [22.8122, 3.9291], [22.8241, 3.9423], [22.8241, 3.9556], [22.8361, 3.9688], [22.8481, 3.9821], [22.8601, 3.9953], [22.8601, 4.0086], [22.8721, 4.0218], [22.8721, 4.0351], [22.884, 4.0483], [22.884, 4.0616], [22.896, 4.0748], [22.896, 4.0881], [22.908, 4.1013], [22.908, 4.1146], [22.92, 4.1278], [22.92, 4.1411], [22.932, 4.1543], [22.932, 4.1676], [22.9439, 4.1808], [22.9439, 4.1941], [22.9559, 4.2073], [22.9559, 4.2206], [22.9559, 4.2338], [22.9679, 4.2471], [22.9679, 4.2603], [22.9799, 4.2736], [22.9799, 4.2868], [22.9919, 4.3001], [22.9919, 4.3133], [23.0039, 4.3266], [23.0039, 4.3398], [23.0158, 4.3531], [23.0158, 4.3663], [23.0278, 4.3796], [23.0278, 4.3928], [23.0398, 4.4061], [23.0398, 4.4193], [23.0518, 4.4326], [23.0518, 4.4458], [23.0518, 4.4591], [23.0638, 4.4723], [23.0638, 4.4856], [23.0757, 4.4988], [23.0757, 4.5121], [23.0877, 4.5253], [23.0877, 4.5386], [23.0997, 4.5518], [23.0997, 4.5651], [23.1117, 4.5783], [23.1117, 4.5916], [23.1237, 4.6048], [23.1237, 4.6181], [23.1356, 4.6313], [23.1356, 4.6446]]",梯形高地边界仅限 B7/B8 周围的小平台；不包含左侧长斜坡和道路边界。应与 43° 坡和梯形高地台阶入口分开建模。
red_trapezoid_highland_boundary,trapezoid_highland_boundary,梯形高地边界,red,terrain_boundary,polyline,,user_annotation_opencv_canny_hough_180_rotated,red_180_rotated_from_blue,boundary_requires_crossing_capability,,,,4.3823,11.5587,365.761,335.19,"[[4.8524, 10.3687], [4.8404, 10.3687], [4.8284, 10.3687], [4.8164, 10.3687], [4.8045, 10.3687], [4.7925, 10.3687], [4.7805, 10.3687], [4.7685, 10.3687], [4.7565, 10.3687], [4.7445, 10.3687], [4.7326, 10.3687], [4.7206, 10.3687], [4.7086, 10.3687], [4.6966, 10.3687], [4.6846, 10.3687], [4.6727, 10.3687], [4.6607, 10.3687], [4.6487, 10.3687], [4.6367, 10.3687], [4.6247, 10.3687], [4.6128, 10.3687], [4.6008, 10.3687], [4.5888, 10.3687], [4.5768, 10.3687], [4.5648, 10.3687], [4.5528, 10.3687], [4.5409, 10.3687], [4.5289, 10.3687], [4.5169, 10.3687], [4.5049, 10.3687], [4.4929, 10.3687], [4.481, 10.3687], [4.469, 10.3687], [4.457, 10.3687], [4.445, 10.3687], [4.433, 10.3687], [4.4211, 10.3687], [4.4091, 10.3687], [4.3971, 10.3687], [4.3851, 10.3687], [4.3731, 10.3687], [4.3611, 10.3687], [4.3492, 10.3687], [4.3372, 10.3687], [4.3252, 10.3687], [4.3132, 10.3687], [4.3012, 10.3687], [4.2893, 10.3687], [4.2773, 10.3687], [4.2653, 10.3687], [4.2533, 10.3687], [4.2413, 10.3687], [4.2294, 10.3687], [4.2174, 10.3687], [4.2054, 10.3687], [4.1934, 10.3687], [4.1814, 10.3687], [4.1694, 10.3687], [4.1575, 10.3687], [4.1455, 10.3687], [4.1335, 10.3687], [4.1215, 10.3687], [4.1095, 10.3687], [4.0976, 10.3687], [4.0856, 10.3687], [4.0736, 10.3687], [4.0616, 10.3687], [4.0496, 10.3687], [4.0377, 10.3687], [4.0257, 10.3687], [4.0137, 10.3687], [4.0017, 10.3687], [3.9897, 10.3687], [3.9777, 10.3687], [3.9658, 10.3687], [3.9538, 10.3687], [3.9418, 10.3687], [3.9298, 10.3687], [3.9178, 10.3687], [3.9059, 10.3687], [3.8939, 10.3687], [3.8819, 10.3687], [3.8699, 10.3687], [3.8579, 10.3687], [3.846, 10.3687], [3.834, 10.3687], [3.822, 10.3687], [3.81, 10.3687], [3.798, 10.3687], [3.7861, 10.3687], [3.7741, 10.3687], [3.7621, 10.3687], [3.7501, 10.3687], [3.7381, 10.3687], [3.7261, 10.3687], [3.7142, 10.3687], [3.7022, 10.3687], [3.6902, 10.3687], [3.6782, 10.3687], [3.6662, 10.3687], [3.6543, 10.3687], [3.6423, 10.3687], [3.6303, 10.3687], [3.6183, 10.3687], [3.6063, 10.3687], [3.5944, 10.3687], [3.5824, 10.3687], [3.5704, 10.3687], [3.5584, 10.3687], [3.5464, 10.3687], [3.5344, 10.3687], [3.5225, 10.3687], [3.5105, 10.3687], [3.4985, 10.3687], [3.4865, 10.3687], [3.4745, 10.3687], [3.4626, 10.3687], [3.4506, 10.3687], [3.4386, 10.3687], [3.4266, 10.3687], [3.4146, 10.3687], [3.4027, 10.3687], [3.3907, 10.3687], [3.3787, 10.3687], [3.3667, 10.3687], [3.3547, 10.3687], [3.3427, 10.3687], [3.3308, 10.3687], [3.3308, 10.3819], [3.3308, 10.3952], [3.3308, 10.4084], [3.3308, 10.4217], [3.3308, 10.4349], [3.3308, 10.4482], [3.3308, 10.4614], [3.3308, 10.4747], [3.3308, 10.4879], [3.3308, 10.5012], [3.3308, 10.5144], [3.3308, 10.5277], [3.3308, 10.5409], [3.3308, 10.5542], [3.3308, 10.5674], [3.3308, 10.5807], [3.3308, 10.5939], [3.3308, 10.6072], [3.3308, 10.6204], [3.3308, 10.6337], [3.3308, 10.6469], [3.3308, 10.6602], [3.3308, 10.6734], [3.3308, 10.6867], [3.3308, 10.6999], [3.3308, 10.7132], [3.3308, 10.7264], [3.3308, 10.7397], [3.3308, 10.7529], [3.3308, 10.7662], [3.3308, 10.7794], [3.3308, 10.7927], [3.3308, 10.8059], [3.3308, 10.8192], [3.3308, 10.8324], [3.3308, 10.8457], [3.3308, 10.8589], [3.3308, 10.8722], [3.3308, 10.8854], [3.3308, 10.8987], [3.3308, 10.9119], [3.3308, 10.9252], [3.3308, 10.9384], [3.3308, 10.9517], [3.3308, 10.9649], [3.3308, 10.9782], [3.3308, 10.9914], [3.3308, 11.0047], [3.3308, 11.0179], [3.3308, 11.0312], [3.3308, 11.0444], [3.3308, 11.0577], [3.3308, 11.0709], [3.3308, 11.0842], [3.3308, 11.0974], [3.3308, 11.1107], [3.3308, 11.1239], [3.3308, 11.1372], [3.3308, 11.1504], [3.3308, 11.1637], [3.3308, 11.1769], [3.3308, 11.1902], [3.3308, 11.2034], [3.3308, 11.2167], [3.3308, 11.2299], [3.3308, 11.2432], [3.3308, 11.2564], [3.3308, 11.2697], [3.3308, 11.2829], [3.3308, 11.2962], [3.3308, 11.3094], [3.3308, 11.3227], [3.3308, 11.3359], [3.3308, 11.3492], [3.3308, 11.3624], [3.3308, 11.3757], [3.3308, 11.3889], [3.3308, 11.4022], [3.3308, 11.4154], [3.3308, 11.4287], [3.3308, 11.4419], [3.3308, 11.4552], [3.3308, 11.4684], [3.3308, 11.4817], [3.3308, 11.4949], [3.3308, 11.5082], [3.3308, 11.5214], [3.3308, 11.5347], [3.3308, 11.5479], [3.3308, 11.5612], [3.3308, 11.5744], [3.3308, 11.5877], [3.3308, 11.6009], [3.3308, 11.6142], [3.3308, 11.6274], [3.3308, 11.6407], [3.3308, 11.6539], [3.3308, 11.6672], [3.3308, 11.6804], [3.3308, 11.6937], [3.3308, 11.7069], [3.3308, 11.7202], [3.3308, 11.7334], [3.3308, 11.7467], [3.3308, 11.7599], [3.3308, 11.7732], [3.3308, 11.7864], [3.3308, 11.7997], [3.3308, 11.8129], [3.3308, 11.8262], [3.3308, 11.8394], [3.3308, 11.8527], [3.3308, 11.8659], [3.3308, 11.8792], [3.3308, 11.8924], [3.3308, 11.9057], [3.3308, 11.9189], [3.3308, 11.9322], [3.3308, 11.9454], [3.3308, 11.9587], [3.3308, 11.9719], [3.3308, 11.9852], [3.3308, 11.9984], [3.3308, 12.0117], [3.3308, 12.0249], [3.3308, 12.0382], [3.3308, 12.0514], [3.3308, 12.0647], [3.3308, 12.0779], [3.3308, 12.0912], [3.3308, 12.1044], [3.3308, 12.1177], [3.3308, 12.1309], [3.3308, 12.1442], [3.3308, 12.1574], [3.3308, 12.1707], [3.3308, 12.1839], [3.3308, 12.1972], [3.3308, 12.2104], [3.3308, 12.2237], [3.3308, 12.2369], [3.3308, 12.2502], [3.3308, 12.2634], [3.3308, 12.2767], [3.3308, 12.2899], [3.3308, 12.3032], [3.3308, 12.3164], [3.3308, 12.3297], [3.3308, 12.3429], [3.3308, 12.3562], [3.3308, 12.3694], [3.3308, 12.3827], [3.3308, 12.3959], [3.3308, 12.4092], [3.3308, 12.4224], [3.3308, 12.4357], [3.3308, 12.4489], [3.3308, 12.4622], [3.3308, 12.4754], [3.3427, 12.4754], [3.3547, 12.4754], [3.3667, 12.4754], [3.3787, 12.4754], [3.3907, 12.4754], [3.4027, 12.4754], [3.4146, 12.4754], [3.4266, 12.4754], [3.4386, 12.4754], [3.4506, 12.4754], [3.4626, 12.4754], [3.4745, 12.4754], [3.4865, 12.4754], [3.4985, 12.4754], [3.5105, 12.4754], [3.5225, 12.4754], [3.5344, 12.4754], [3.5464, 12.4754], [3.5584, 12.4754], [3.5704, 12.4754], [3.5824, 12.4754], [3.5944, 12.4754], [3.6063, 12.4754], [3.6183, 12.4754], [3.6303, 12.4754], [3.6423, 12.4754], [3.6543, 12.4754], [3.6662, 12.4754], [3.6782, 12.4754], [3.6902, 12.4754], [3.7022, 12.4754], [3.7142, 12.4754], [3.7261, 12.4754], [3.7381, 12.4754], [3.7501, 12.4754], [3.7621, 12.4754], [3.7741, 12.4754], [3.7861, 12.4754], [3.798, 12.4754], [3.81, 12.4754], [3.822, 12.4754], [3.834, 12.4754], [3.846, 12.4754], [3.8579, 12.4754], [3.8699, 12.4754], [3.8819, 12.4754], [3.8939, 12.4754], [3.9059, 12.4754], [3.9178, 12.4754], [3.9298, 12.4754], [3.9418, 12.4754], [3.9538, 12.4754], [3.9658, 12.4754], [3.9777, 12.4754], [3.9897, 12.4754], [4.0017, 12.4754], [4.0137, 12.4754], [4.0257, 12.4754], [4.0377, 12.4754], [4.0496, 12.4754], [4.0616, 12.4754], [4.0736, 12.4754], [4.0856, 12.4754], [4.0976, 12.4754], [4.1095, 12.4754], [4.1215, 12.4754], [4.1335, 12.4754], [4.1455, 12.4754], [4.1575, 12.4754], [4.1694, 12.4754], [4.1814, 12.4754], [4.1934, 12.4754], [4.2054, 12.4754], [4.2174, 12.4754], [4.2294, 12.4754], [4.2413, 12.4754], [4.2533, 12.4754], [4.2653, 12.4754], [4.2773, 12.4754], [4.2893, 12.4754], [4.3012, 12.4754], [4.3132, 12.4754], [4.3252, 12.4754], [4.3372, 12.4754], [4.3492, 12.4754], [4.3611, 12.4754], [4.3731, 12.4754], [4.3851, 12.4754], [4.3971, 12.4754], [4.4091, 12.4754], [4.4211, 12.4754], [4.433, 12.4754], [4.445, 12.4754], [4.457, 12.4754], [4.469, 12.4754], [4.481, 12.4754], [4.4929, 12.4754], [4.5049, 12.4754], [4.5169, 12.4754], [4.5289, 12.4754], [4.5409, 12.4754], [4.5528, 12.4754], [4.5648, 12.4754], [4.5768, 12.4754], [4.5888, 12.4754], [4.6008, 12.4887], [4.6128, 12.4887], [4.6247, 12.4887], [4.6367, 12.4887], [4.6487, 12.4887], [4.6607, 12.4887], [4.6727, 12.4887], [4.6846, 12.4887], [4.6966, 12.4887], [4.7086, 12.4887], [4.7206, 12.4887], [4.7326, 12.4887], [4.7445, 12.4887], [4.7565, 12.4887], [4.7685, 12.4887], [4.7805, 12.4887], [4.7925, 12.4887], [4.8045, 12.4887], [4.8164, 12.4887], [4.8284, 12.4887], [4.8404, 12.4887], [4.8524, 12.4887], [4.8644, 12.4887], [4.8763, 12.4887], [4.8883, 12.4887], [4.9003, 12.4887], [4.9123, 12.4887], [4.9243, 12.4887], [4.9362, 12.4887], [4.9482, 12.4887], [4.9602, 12.4887], [4.9722, 12.4887], [4.9842, 12.4887], [4.9961, 12.4887], [5.0081, 12.4887], [5.0201, 12.4887], [5.0321, 12.4887], [5.0441, 12.4887], [5.0561, 12.4887], [5.068, 12.4887], [5.08, 12.4887], [5.092, 12.4887], [5.104, 12.4887], [5.116, 12.4887], [5.1279, 12.4887], [5.1399, 12.4887], [5.1519, 12.4887], [5.1639, 12.4887], [5.1759, 12.4887], [5.1878, 12.4887], [5.1998, 12.4887], [5.2118, 12.4887], [5.2238, 12.4887], [5.2358, 12.4887], [5.2478, 12.4887], [5.2597, 12.4887], [5.2717, 12.4887], [5.2837, 12.4887], [5.2957, 12.4887], [5.3077, 12.4887], [5.3196, 12.4887], [5.3316, 12.4887], [5.3436, 12.4887], [5.3556, 12.4887], [5.3676, 12.4887], [5.3795, 12.4887], [5.3915, 12.4887], [5.4035, 12.4887], [5.4155, 12.4887], [5.4275, 12.4887], [5.4395, 12.4887], [5.4514, 12.4887], [5.4634, 12.4887], [5.4754, 12.4887], [5.4874, 12.4887], [5.4994, 12.4887], [5.5113, 12.4887], [5.5233, 12.4887], [5.5353, 12.4887], [5.5473, 12.4887], [5.5593, 12.4887], [5.5712, 12.4887], [5.5832, 12.4887], [5.5952, 12.4887], [5.6072, 12.4887], [5.6192, 12.4887], [5.6312, 12.4887], [5.6431, 12.4887], [5.6551, 12.4887], [5.6671, 12.4887], [5.6791, 12.4887], [5.6911, 12.4887], [5.703, 12.4887], [5.715, 12.4887], [5.727, 12.4887], [5.739, 12.4887], [5.751, 12.4887], [5.7629, 12.4887], [5.7749, 12.4887], [5.7869, 12.4887], [5.7989, 12.4887], [5.8109, 12.4887], [5.8228, 12.4887], [5.8348, 12.4887], [5.8468, 12.4887], [5.8588, 12.4887], [5.8588, 12.4754], [5.8468, 12.4622], [5.8468, 12.4489], [5.8348, 12.4357], [5.8348, 12.4224], [5.8228, 12.4092], [5.8228, 12.3959], [5.8228, 12.3827], [5.8109, 12.3694], [5.8109, 12.3562], [5.7989, 12.3429], [5.7989, 12.3297], [5.7869, 12.3164], [5.7869, 12.3032], [5.7869, 12.2899], [5.7749, 12.2767], [5.7749, 12.2634], [5.7629, 12.2502], [5.7629, 12.2369], [5.751, 12.2237], [5.751, 12.2104], [5.751, 12.1972], [5.739, 12.1839], [5.739, 12.1707], [5.727, 12.1574], [5.727, 12.1442], [5.715, 12.1309], [5.715, 12.1177], [5.715, 12.1044], [5.703, 12.0912], [5.703, 12.0779], [5.6911, 12.0647], [5.6911, 12.0514], [5.6791, 12.0382], [5.6791, 12.0249], [5.6791, 12.0117], [5.6671, 11.9984], [5.6671, 11.9852], [5.6551, 11.9719], [5.6551, 11.9587], [5.6551, 11.9454], [5.6431, 11.9322], [5.6431, 11.9189], [5.6312, 11.9057], [5.6312, 11.8924], [5.6192, 11.8792], [5.6192, 11.8659], [5.6192, 11.8527], [5.6072, 11.8394], [5.6072, 11.8262], [5.5952, 11.8129], [5.5952, 11.7997], [5.5832, 11.7864], [5.5832, 11.7732], [5.5832, 11.7599], [5.5712, 11.7467], [5.5712, 11.7334], [5.5593, 11.7202], [5.5593, 11.7069], [5.5473, 11.6937], [5.5473, 11.6804], [5.5473, 11.6672], [5.5353, 11.6539], [5.5353, 11.6407], [5.5233, 11.6274], [5.5233, 11.6142], [5.5113, 11.6009], [5.5113, 11.5877], [5.4994, 11.5744], [5.4994, 11.5612], [5.4874, 11.5479], [5.4754, 11.5347], [5.4634, 11.5214], [5.4634, 11.5082], [5.4514, 11.4949], [5.4395, 11.4817], [5.4275, 11.4684], [5.4275, 11.4552], [5.4155, 11.4419], [5.4035, 11.4287], [5.3915, 11.4154], [5.3915, 11.4022], [5.3795, 11.3889], [5.3676, 11.3757], [5.3676, 11.3624], [5.3556, 11.3492], [5.3436, 11.3359], [5.3316, 11.3227], [5.3316, 11.3094], [5.3196, 11.2962], [5.3077, 11.2829], [5.2957, 11.2697], [5.2957, 11.2564], [5.2837, 11.2432], [5.2717, 11.2299], [5.2597, 11.2167], [5.2597, 11.2034], [5.2478, 11.1902], [5.2358, 11.1769], [5.2358, 11.1637], [5.2238, 11.1504], [5.2118, 11.1372], [5.1998, 11.1239], [5.1998, 11.1107], [5.1878, 11.0974], [5.1759, 11.0842], [5.1639, 11.0709], [5.1639, 11.0577], [5.1519, 11.0444], [5.1399, 11.0312], [5.1279, 11.0179], [5.1279, 11.0047], [5.116, 10.9914], [5.116, 10.9782], [5.104, 10.9649], [5.104, 10.9517], [5.092, 10.9384], [5.092, 10.9252], [5.08, 10.9119], [5.08, 10.8987], [5.068, 10.8854], [5.068, 10.8722], [5.0561, 10.8589], [5.0561, 10.8457], [5.0441, 10.8324], [5.0441, 10.8192], [5.0321, 10.8059], [5.0321, 10.7927], [5.0321, 10.7794], [5.0201, 10.7662], [5.0201, 10.7529], [5.0081, 10.7397], [5.0081, 10.7264], [4.9961, 10.7132], [4.9961, 10.6999], [4.9842, 10.6867], [4.9842, 10.6734], [4.9722, 10.6602], [4.9722, 10.6469], [4.9602, 10.6337], [4.9602, 10.6204], [4.9482, 10.6072], [4.9482, 10.5939], [4.9362, 10.5807], [4.9362, 10.5674], [4.9362, 10.5542], [4.9243, 10.5409], [4.9243, 10.5277], [4.9123, 10.5144], [4.9123, 10.5012], [4.9003, 10.4879], [4.9003, 10.4747], [4.8883, 10.4614], [4.8883, 10.4482], [4.8763, 10.4349], [4.8763, 10.4217], [4.8644, 10.4084], [4.8644, 10.3952], [4.8524, 10.3819], [4.8524, 10.3687]]",梯形高地边界仅限 B7/B8 周围的小平台；不包含左侧长斜坡和道路边界。应与 43° 坡和梯形高地台阶入口分开建模。
blue_central_highland_ledge_400mm_north,central_highland_ledge_400mm,中央高地 400 mm 高差边缘,blue,conditional_ledge,polyline,,user_annotation_opencv_edge,blue_direct,blocked_by_default,jump_capable,0.4,asymmetric_up_down,17.9106,10.6138,1494.899,406.5,"[[18.0436, 13.1777], [18.0556, 13.1645], [18.0676, 13.1512], [18.1036, 13.138], [18.1036, 13.1247], [18.1036, 13.1115], [18.0796, 13.0982], [18.0317, 13.085], [18.0197, 13.0717], [18.0077, 13.0585], [18.0077, 13.0452], [17.9957, 13.032], [17.9957, 13.0187], [17.9837, 13.0055], [17.9718, 12.9922], [17.9598, 12.979], [17.9478, 12.9657], [17.9478, 12.9525], [17.9478, 12.9392], [17.9478, 12.926], [17.9358, 12.9127], [17.9238, 12.8995], [17.9238, 12.8862], [17.9119, 12.873], [17.9119, 12.8597], [17.8999, 12.8465], [17.8879, 12.8332], [17.8879, 12.82], [17.8759, 12.8067], [17.8759, 12.7935], [17.8639, 12.7802], [17.8639, 12.767], [17.8519, 12.7537], [17.84, 12.7405], [17.84, 12.7272], [17.828, 12.714], [17.828, 12.7007], [17.816, 12.6875], [17.816, 12.6742], [17.804, 12.661], [17.804, 12.6477], [17.804, 12.6345], [17.804, 12.6212], [17.804, 12.608], [17.804, 12.5947], [17.792, 12.5814], [17.7801, 12.5682], [17.7681, 12.5549], [17.7681, 12.5417], [17.7561, 12.5284], [17.7561, 12.5152], [17.7441, 12.5019], [17.7321, 12.4887], [17.7202, 12.4754], [17.7082, 12.4622], [17.7082, 12.4489], [17.6962, 12.4357], [17.6962, 12.4224], [17.6842, 12.4092], [17.6722, 12.3959], [17.6602, 12.3827], [17.6483, 12.3694], [17.6483, 12.3562], [17.6483, 12.3429], [17.6363, 12.3297], [17.6243, 12.3164], [17.6123, 12.3032], [17.6003, 12.2899], [17.6003, 12.2767], [17.5884, 12.2634], [17.5884, 12.2502], [17.5764, 12.2369], [17.5644, 12.2237], [17.5524, 12.2104], [17.5524, 12.1972], [17.5404, 12.1839], [17.5404, 12.1707], [17.5285, 12.1574], [17.5165, 12.1442], [17.5045, 12.1309], [17.5045, 12.1177], [17.4925, 12.1044], [17.4805, 12.0912], [17.4805, 12.0779], [17.4685, 12.0647], [17.4566, 12.0514], [17.4566, 12.0382], [17.4446, 12.0249], [17.4446, 12.0117], [17.4446, 11.9984], [17.4446, 11.9852], [17.4446, 11.9719], [17.4446, 11.9587], [17.4446, 11.9454], [17.4446, 11.9322], [17.4446, 11.9189], [17.4446, 11.9057], [17.4446, 11.8924], [17.4446, 11.8792], [17.4446, 11.8659], [17.4446, 11.8527], [17.4446, 11.8394], [17.4446, 11.8262], [17.4446, 11.8129], [17.4446, 11.7997], [17.4446, 11.7864], [17.4446, 11.7732], [17.4446, 11.7599], [17.4446, 11.7467], [17.4446, 11.7334], [17.4446, 11.7202], [17.4446, 11.7069], [17.4446, 11.6937], [17.4446, 11.6804], [17.4446, 11.6672], [17.4446, 11.6539], [17.4446, 11.6407], [17.4446, 11.6274], [17.4446, 11.6142], [17.4446, 11.6009], [17.4446, 11.5877], [17.4446, 11.5744], [17.4446, 11.5612], [17.4446, 11.5479], [17.4446, 11.5347], [17.4446, 11.5214], [17.4446, 11.5082], [17.4446, 11.4949], [17.4446, 11.4817], [17.4446, 11.4684], [17.4446, 11.4552], [17.4446, 11.4419], [17.4446, 11.4287], [17.4446, 11.4154], [17.4446, 11.4022], [17.4446, 11.3889], [17.4446, 11.3757], [17.4446, 11.3624], [17.4446, 11.3492], [17.4446, 11.3359], [17.4446, 11.3227], [17.4446, 11.3094], [17.4446, 11.2962], [17.4446, 11.2829], [17.4446, 11.2697], [17.4446, 11.2564], [17.4566, 11.2432], [17.4566, 11.2299], [17.4685, 11.2167], [17.4685, 11.2034], [17.4685, 11.1902], [17.4805, 11.1769], [17.4805, 11.1637], [17.4925, 11.1504], [17.4925, 11.1372], [17.5045, 11.1239], [17.5045, 11.1107], [17.5165, 11.0974], [17.5165, 11.0842], [17.5165, 11.0709], [17.5285, 11.0577], [17.5285, 11.0444], [17.5285, 11.0312], [17.5404, 11.0179], [17.5404, 11.0047], [17.5524, 10.9914], [17.5524, 10.9782], [17.5644, 10.9649], [17.5644, 10.9517], [17.5764, 10.9384], [17.5764, 10.9252], [17.5764, 10.9119], [17.5884, 10.8987], [17.5884, 10.8854], [17.6003, 10.8722], [17.6003, 10.8589], [17.6123, 10.8457], [17.6123, 10.8324], [17.6243, 10.8192], [17.6243, 10.8059], [17.6243, 10.7927], [17.6363, 10.7794], [17.6363, 10.7662], [17.6483, 10.7529], [17.6483, 10.7397], [17.6602, 10.7264], [17.6602, 10.7132], [17.6722, 10.6999], [17.6722, 10.6867], [17.6722, 10.6734], [17.6842, 10.6602], [17.6842, 10.6469], [17.6842, 10.6337], [17.6962, 10.6204], [17.6962, 10.6072], [17.7082, 10.5939], [17.7082, 10.5807], [17.7202, 10.5674], [17.7202, 10.5542], [17.7321, 10.5409], [17.7321, 10.5277], [17.7441, 10.5144], [17.7441, 10.5012], [17.7441, 10.4879], [17.7561, 10.4747], [17.7561, 10.4614], [17.7681, 10.4482], [17.7681, 10.4349], [17.7801, 10.4217], [17.7801, 10.4084], [17.7801, 10.3952], [17.792, 10.3819], [17.792, 10.3687], [17.804, 10.3554], [17.804, 10.3422], [17.816, 10.3289], [17.816, 10.3157], [17.828, 10.3024], [17.828, 10.2892], [17.828, 10.2759], [17.84, 10.2627], [17.84, 10.2494], [17.8519, 10.2362], [17.8519, 10.2229], [17.8519, 10.2097], [17.8639, 10.1964], [17.8639, 10.1832], [17.8639, 10.1699], [17.8759, 10.1567], [17.8759, 10.1434], [17.8879, 10.1302], [17.8879, 10.1169], [17.8999, 10.1037], [17.8999, 10.0904], [17.9119, 10.0772], [17.9119, 10.0639], [17.9119, 10.0507], [17.9119, 10.0374], [17.9119, 10.0242], [17.9119, 10.0109], [17.9119, 9.9977], [17.9119, 9.9844], [17.9119, 9.9712], [17.9119, 9.9579], [17.9119, 9.9447], [17.9119, 9.9314], [17.9119, 9.9182], [17.9119, 9.9049], [17.9119, 9.8917], [17.9119, 9.8784], [17.9119, 9.8652], [17.9478, 9.8519], [17.9957, 9.8387], [17.9957, 9.8254], [18.0077, 9.8122], [18.0077, 9.7989], [18.0197, 9.7857], [18.0197, 9.7724], [18.0317, 9.7592], [18.0317, 9.7459], [18.0436, 9.7327], [18.0436, 9.7194], [18.0436, 9.7062], [18.0556, 9.6929], [18.0556, 9.6797], [18.0676, 9.6664], [18.0676, 9.6532], [18.0676, 9.6399], [18.0796, 9.6267], [18.0796, 9.6134], [18.0916, 9.6002], [18.0916, 9.5869], [18.1036, 9.5737], [18.1036, 9.5604], [18.1155, 9.5472], [18.1155, 9.5339], [18.1155, 9.5207], [18.1275, 9.5074], [18.1395, 9.4942], [18.1395, 9.4809], [18.1395, 9.4677], [18.1515, 9.4544], [18.1515, 9.4412], [18.1635, 9.4279], [18.1635, 9.4147], [18.1635, 9.4014], [18.1754, 9.3882], [18.1754, 9.3749], [18.1874, 9.3617], [18.1874, 9.3484], [18.1994, 9.3352], [18.1994, 9.3219], [18.2114, 9.3087], [18.2114, 9.2954], [18.2114, 9.2822], [18.2234, 9.2689], [18.2234, 9.2557], [18.2353, 9.2424], [18.2353, 9.2292], [18.2353, 9.2159], [18.2473, 9.2027], [18.2473, 9.1894], [18.2593, 9.1761], [18.2593, 9.1629], [18.2713, 9.1496], [18.2713, 9.1364], [18.2713, 9.1231], [18.2833, 9.1099], [18.2833, 9.0966], [18.2833, 9.0834], [18.2953, 9.0701], [18.2953, 9.0569], [18.3072, 9.0436], [18.3192, 9.0304], [18.3192, 9.0171], [18.3312, 9.0039], [18.3312, 8.9906], [18.3312, 8.9774], [18.3432, 8.9641], [18.3432, 8.9509], [18.3552, 8.9376], [18.3552, 8.9244], [18.3552, 8.9111], [18.3671, 8.8979], [18.3671, 8.8846], [18.3791, 8.8714], [18.3791, 8.8581], [18.3911, 8.8449], [18.3911, 8.8316], [18.4031, 8.8184], [18.4031, 8.8051], [18.4031, 8.7919], [18.4151, 8.7786], [18.4151, 8.7654], [18.427, 8.7521], [18.427, 8.7389], [18.439, 8.7256], [18.439, 8.7124], [18.439, 8.6991], [18.451, 8.6859], [18.451, 8.6726], [18.463, 8.6594], [18.463, 8.6461], [18.463, 8.6329], [18.475, 8.6196], [18.475, 8.6064], [18.4869, 8.5931], [18.4869, 8.5799], [18.4869, 8.5666], [18.4989, 8.5534], [18.4989, 8.5401], [18.5109, 8.5269], [18.5109, 8.5136], [18.5229, 8.5004], [18.5229, 8.4871], [18.5349, 8.4739], [18.5349, 8.4606], [18.5469, 8.4474], [18.5469, 8.4341], [18.5469, 8.4209], [18.5588, 8.4076], [18.5708, 8.3944], [18.5708, 8.3811], [18.5708, 8.3679], [18.5828, 8.3546], [18.5828, 8.3414], [18.5948, 8.3281], [18.5948, 8.3149], [18.5948, 8.3016], [18.6068, 8.2884], [18.6068, 8.2751], [18.6187, 8.2619], [18.6187, 8.2486], [18.6307, 8.2354], [18.6307, 8.2221], [18.6427, 8.2089], [18.6427, 8.1956], [18.6427, 8.1824], [18.6547, 8.1691], [18.6547, 8.1559], [18.6667, 8.1426], [18.6667, 8.1294], [18.6667, 8.1161], [18.6786, 8.1029], [18.6786, 8.0896], [18.6786, 8.0764], [18.6786, 8.0631], [18.6786, 8.0499]]",用户确认为约 400 mm 高差；边界由 OpenCV 在原图上吸附提取。大部分学校不能直接上，仅对已确认具备跳跃能力的机器人开放。
blue_central_highland_ledge_400mm_south,central_highland_ledge_400mm,中央高地 400 mm 高差边缘,blue,conditional_ledge,polyline,,user_annotation_opencv_edge,blue_direct,blocked_by_default,jump_capable,0.4,asymmetric_up_down,17.078,4.0748,1425.404,900.0,"[[18.6786, 6.8574], [18.6786, 6.8441], [18.6786, 6.8309], [18.6786, 6.8176], [18.6786, 6.8044], [18.6786, 6.7911], [18.6786, 6.7779], [18.6786, 6.7646], [18.6786, 6.7514], [18.6786, 6.7381], [18.6786, 6.7249], [18.6786, 6.7116], [18.6786, 6.6984], [18.6786, 6.6851], [18.6786, 6.6719], [18.6786, 6.6586], [18.6786, 6.6454], [18.6786, 6.6321], [18.6786, 6.6189], [18.6786, 6.6056], [18.6786, 6.5924], [18.6786, 6.5791], [18.6667, 6.5659], [18.6667, 6.5526], [18.6547, 6.5394], [18.6427, 6.5261], [18.6307, 6.5129], [18.6187, 6.4996], [18.6187, 6.4864], [18.6068, 6.4731], [18.6068, 6.4599], [18.5948, 6.4466], [18.5828, 6.4334], [18.5708, 6.4201], [18.5588, 6.4069], [18.5588, 6.3936], [18.5469, 6.3804], [18.5469, 6.3671], [18.5349, 6.3539], [18.5229, 6.3406], [18.5109, 6.3274], [18.5109, 6.3141], [18.4989, 6.3009], [18.4869, 6.2876], [18.4869, 6.2744], [18.475, 6.2611], [18.463, 6.2479], [18.451, 6.2346], [18.451, 6.2214], [18.439, 6.2081], [18.439, 6.1949], [18.427, 6.1816], [18.4151, 6.1684], [18.4031, 6.1551], [18.4031, 6.1419], [18.3911, 6.1286], [18.3911, 6.1154], [18.3791, 6.1021], [18.3671, 6.0889], [18.3552, 6.0756], [18.3432, 6.0624], [18.3432, 6.0491], [18.3312, 6.0359], [18.3192, 6.0226], [18.3192, 6.0094], [18.3072, 5.9961], [18.2953, 5.9829], [18.2833, 5.9696], [18.2833, 5.9564], [18.2713, 5.9431], [18.2713, 5.9299], [18.2593, 5.9166], [18.2473, 5.9034], [18.2353, 5.8901], [18.2353, 5.8769], [18.2234, 5.8636], [18.2114, 5.8504], [18.1994, 5.8371], [18.1994, 5.8239], [18.1874, 5.8106], [18.1874, 5.7973], [18.1754, 5.7841], [18.1635, 5.7708], [18.1515, 5.7576], [18.1515, 5.7443], [18.1395, 5.7311], [18.1275, 5.7178], [18.1275, 5.7046], [18.1155, 5.6913], [18.1155, 5.6781], [18.1036, 5.6648], [18.0916, 5.6516], [18.0796, 5.6383], [18.0796, 5.6251], [18.0676, 5.6118], [18.0676, 5.5986], [18.0556, 5.5853], [18.0436, 5.5721], [18.0317, 5.5588], [18.0317, 5.5456], [18.0197, 5.5323], [18.0077, 5.5191], [17.9957, 5.5058], [17.9837, 5.4926], [17.9837, 5.4793], [17.9718, 5.4661], [17.9718, 5.4528], [17.9598, 5.4396], [17.9358, 5.4263], [17.9119, 5.4131], [17.9119, 5.3998], [17.9119, 5.3866], [17.9119, 5.3733], [17.8999, 5.3601], [17.8999, 5.3468], [17.8879, 5.3336], [17.8879, 5.3203], [17.8759, 5.3071], [17.8759, 5.2938], [17.8639, 5.2806], [17.8519, 5.2673], [17.84, 5.2541], [17.84, 5.2408], [17.828, 5.2276], [17.828, 5.2143], [17.816, 5.2011], [17.804, 5.1878], [17.792, 5.1746], [17.792, 5.1613], [17.7801, 5.1481], [17.7681, 5.1348], [17.7681, 5.1216], [17.7561, 5.1083], [17.7441, 5.0951], [17.7321, 5.0818], [17.7321, 5.0686], [17.7202, 5.0553], [17.7202, 5.0421], [17.7082, 5.0288], [17.6962, 5.0156], [17.6842, 5.0023], [17.6722, 4.9891], [17.6722, 4.9758], [17.6602, 4.9626], [17.6602, 4.9493], [17.6483, 4.9361], [17.6363, 4.9228], [17.6243, 4.9096], [17.6243, 4.8963], [17.6123, 4.8831], [17.6003, 4.8698], [17.5884, 4.8566], [17.5884, 4.8433], [17.5764, 4.8301], [17.5644, 4.8168], [17.5644, 4.8036], [17.5524, 4.7903], [17.5404, 4.7771], [17.5404, 4.7638], [17.5285, 4.7506], [17.5165, 4.7373], [17.5045, 4.7241], [17.5045, 4.7108], [17.4925, 4.6976], [17.4805, 4.6843], [17.4685, 4.6711], [17.4685, 4.6578], [17.4566, 4.6446], [17.4446, 4.6313], [17.4446, 4.6181], [17.4326, 4.6048], [17.4206, 4.5916], [17.4086, 4.5783], [17.4086, 4.5651], [17.3967, 4.5518], [17.3967, 4.5386], [17.3847, 4.5253], [17.3727, 4.5121], [17.3607, 4.4988], [17.3607, 4.4856], [17.3487, 4.4723], [17.3368, 4.4591], [17.3368, 4.4458], [17.3248, 4.4326], [17.3128, 4.4193], [17.3008, 4.4061], [17.3008, 4.3928], [17.2888, 4.3796], [17.2769, 4.3663], [17.2649, 4.3531], [17.2649, 4.3398], [17.2529, 4.3266], [17.2529, 4.3133], [17.2409, 4.3001], [17.2289, 4.2868], [17.2169, 4.2736], [17.2169, 4.2603], [17.205, 4.2471], [17.205, 4.2338], [17.193, 4.2206], [17.181, 4.2073], [17.181, 4.1941], [17.169, 4.1808], [17.157, 4.1676], [17.1451, 4.1543], [17.1451, 4.1411], [17.1331, 4.1278], [17.1211, 4.1146], [17.1211, 4.1013], [17.1091, 4.0881], [17.0971, 4.0748], [17.0852, 4.0616], [17.0852, 4.0483], [17.0732, 4.0351], [17.0612, 4.0218], [17.0612, 4.0086], [17.0492, 3.9953], [17.0372, 3.9821], [17.0252, 3.9688], [17.0252, 3.9556], [17.0133, 3.9423], [17.0013, 3.9291], [16.9893, 3.9158], [16.9893, 3.9026], [16.9773, 3.8893], [16.9653, 3.8761], [16.9534, 3.8628], [16.9534, 3.8496], [16.9414, 3.8363], [16.9414, 3.8231], [16.9294, 3.8098], [16.9174, 3.7966], [16.9054, 3.7833], [16.9054, 3.7701], [16.8935, 3.7568], [16.8935, 3.7436], [16.8815, 3.7303], [16.8695, 3.7171], [16.8695, 3.7038], [16.8575, 3.6906], [16.8455, 3.6773], [16.8335, 3.6641], [16.8335, 3.6508], [16.8216, 3.6376], [16.8096, 3.6243], [16.7976, 3.6111], [16.7976, 3.5978], [16.7856, 3.5846], [16.7736, 3.5713], [16.7736, 3.5581], [16.7617, 3.5448], [16.7497, 3.5316], [16.7377, 3.5183], [16.7257, 3.5051], [16.7257, 3.4918], [16.7137, 3.4786], [16.7137, 3.4653], [16.7018, 3.4521], [16.6898, 3.4388], [16.6778, 3.4256], [16.6778, 3.4123], [16.6658, 3.3991], [16.6658, 3.3858], [16.6538, 3.3726], [16.6418, 3.3593], [16.6299, 3.3461], [16.6179, 3.3328], [16.6179, 3.3196], [16.6059, 3.3063], [16.6059, 3.2931], [16.5939, 3.2798], [16.5819, 3.2666], [16.57, 3.2533], [16.57, 3.2401], [16.558, 3.2268], [16.558, 3.2136], [16.546, 3.2003], [16.534, 3.1871], [16.522, 3.1738], [16.5101, 3.1606], [16.5101, 3.1473], [16.5101, 3.1341], [16.4981, 3.1208], [16.4861, 3.1076], [16.4741, 3.0943], [16.4621, 3.0811], [16.4621, 3.0678], [16.4501, 3.0546], [16.4382, 3.0413], [16.4382, 3.0281], [16.4262, 3.0148], [16.4142, 3.0016], [16.4022, 2.9883], [16.4022, 2.9751], [16.3902, 2.9618], [16.3783, 2.9486], [16.3663, 2.9353], [16.3663, 2.9221], [16.3543, 2.9088], [16.3423, 2.8956], [16.3423, 2.8823], [16.3303, 2.8691], [16.3184, 2.8558], [16.3184, 2.8426], [16.3064, 2.8293], [16.2944, 2.8161], [16.2944, 2.8028], [16.2824, 2.7896], [16.2704, 2.7763], [16.2585, 2.7631], [16.2585, 2.7498], [16.2465, 2.7366], [16.2345, 2.7233], [16.2345, 2.7101], [16.2225, 2.6968], [16.2105, 2.6836], [16.2105, 2.6703], [16.1985, 2.6571], [16.1866, 2.6438], [16.1866, 2.6306], [16.1746, 2.6173], [16.1626, 2.6041], [16.1506, 2.5908], [16.1506, 2.5776], [16.1386, 2.5643], [16.1267, 2.5511], [16.1267, 2.5378], [16.1147, 2.5246], [16.1027, 2.5113], [16.0907, 2.4981], [16.0907, 2.4848], [16.0787, 2.4716], [16.0787, 2.4583], [16.0668, 2.4451], [16.0548, 2.4318], [16.0428, 2.4186], [16.0428, 2.4053], [16.0308, 2.392], [16.0308, 2.3788], [16.0188, 2.3655], [16.0068, 2.3523], [15.9949, 2.339], [15.9829, 2.3258], [15.9829, 2.3125], [15.9709, 2.2993], [15.9589, 2.286], [15.9589, 2.2728], [15.9469, 2.2595], [15.935, 2.2463], [15.923, 2.233], [15.923, 2.2198], [15.911, 2.2065], [15.899, 2.1933], [15.887, 2.18], [15.887, 2.1668], [15.8751, 2.1535], [15.8751, 2.1403], [15.8631, 2.127], [15.8511, 2.1138], [15.8391, 2.1005], [15.8391, 2.0873], [15.8271, 2.074], [15.8271, 2.0608], [15.8151, 2.0475], [15.8032, 2.0343], [15.7912, 2.021], [15.7792, 2.0078], [15.7792, 1.9945], [15.7672, 1.9813], [15.7672, 1.968], [15.7552, 1.9548], [15.7433, 1.9415], [15.7313, 1.9283], [15.7193, 1.915], [15.7193, 1.9018], [15.7193, 1.8885], [15.7073, 1.8753], [15.6953, 1.862], [15.6834, 1.8488], [15.6714, 1.8355], [15.6714, 1.8223], [15.6594, 1.809], [15.6474, 1.7958], [15.6474, 1.7825], [15.6354, 1.7693], [15.6234, 1.756], [15.6115, 1.7428], [15.6115, 1.7295], [15.5995, 1.7163], [15.5995, 1.703], [15.5875, 1.6898], [15.5755, 1.6765], [15.5635, 1.6633], [15.5635, 1.65], [15.5516, 1.6368], [15.5396, 1.6235], [15.5396, 1.6103], [15.5276, 1.597], [15.5156, 1.5838], [15.5156, 1.5705], [15.5036, 1.5573], [15.5036, 1.544], [15.4917, 1.5308], [15.4437, 1.5175], [15.3958, 1.5043], [15.3479, 1.491], [15.3, 1.4778], [15.252, 1.4645], [15.2041, 1.4513], [15.1562, 1.438], [15.1083, 1.4248], [15.0603, 1.4115], [15.0124, 1.3983], [14.9765, 1.385], [14.9765, 1.3718], [14.9765, 1.3585], [14.9765, 1.3453], [14.9765, 1.332], [14.9765, 1.3188], [14.9765, 1.3055], [14.9765, 1.2923]]",用户确认为约 400 mm 高差；边界由 OpenCV 在原图上吸附提取。大部分学校不能直接上，仅对已确认具备跳跃能力的机器人开放。
red_central_highland_ledge_400mm_north,central_highland_ledge_400mm,中央高地 400 mm 高差边缘,red,conditional_ledge,polyline,,user_annotation_opencv_edge_180_rotated,red_180_rotated_from_blue,blocked_by_default,jump_capable,0.4,asymmetric_up_down,10.0774,4.3995,841.101,875.5,"[[9.9444, 1.8355], [9.9324, 1.8488], [9.9204, 1.862], [9.8845, 1.8753], [9.8845, 1.8885], [9.8845, 1.9018], [9.9084, 1.915], [9.9564, 1.9283], [9.9683, 1.9415], [9.9803, 1.9548], [9.9803, 1.968], [9.9923, 1.9813], [9.9923, 1.9945], [10.0043, 2.0078], [10.0163, 2.021], [10.0282, 2.0343], [10.0402, 2.0475], [10.0402, 2.0608], [10.0402, 2.074], [10.0402, 2.0873], [10.0522, 2.1005], [10.0642, 2.1138], [10.0642, 2.127], [10.0762, 2.1403], [10.0762, 2.1535], [10.0881, 2.1668], [10.1001, 2.18], [10.1001, 2.1933], [10.1121, 2.2065], [10.1121, 2.2198], [10.1241, 2.233], [10.1241, 2.2463], [10.1361, 2.2595], [10.1481, 2.2728], [10.1481, 2.286], [10.16, 2.2993], [10.16, 2.3125], [10.172, 2.3258], [10.172, 2.339], [10.184, 2.3523], [10.184, 2.3655], [10.184, 2.3788], [10.184, 2.392], [10.184, 2.4053], [10.184, 2.4186], [10.196, 2.4318], [10.208, 2.4451], [10.2199, 2.4583], [10.2199, 2.4716], [10.2319, 2.4848], [10.2319, 2.4981], [10.2439, 2.5113], [10.2559, 2.5246], [10.2679, 2.5378], [10.2798, 2.5511], [10.2798, 2.5643], [10.2918, 2.5776], [10.2918, 2.5908], [10.3038, 2.6041], [10.3158, 2.6173], [10.3278, 2.6306], [10.3398, 2.6438], [10.3398, 2.6571], [10.3398, 2.6703], [10.3517, 2.6836], [10.3637, 2.6968], [10.3757, 2.7101], [10.3877, 2.7233], [10.3877, 2.7366], [10.3997, 2.7498], [10.3997, 2.7631], [10.4116, 2.7763], [10.4236, 2.7896], [10.4356, 2.8028], [10.4356, 2.8161], [10.4476, 2.8293], [10.4476, 2.8426], [10.4596, 2.8558], [10.4715, 2.8691], [10.4835, 2.8823], [10.4835, 2.8956], [10.4955, 2.9088], [10.5075, 2.9221], [10.5075, 2.9353], [10.5195, 2.9486], [10.5315, 2.9618], [10.5315, 2.9751], [10.5434, 2.9883], [10.5434, 3.0016], [10.5434, 3.0148], [10.5434, 3.0281], [10.5434, 3.0413], [10.5434, 3.0546], [10.5434, 3.0678], [10.5434, 3.0811], [10.5434, 3.0943], [10.5434, 3.1076], [10.5434, 3.1208], [10.5434, 3.1341], [10.5434, 3.1473], [10.5434, 3.1606], [10.5434, 3.1738], [10.5434, 3.1871], [10.5434, 3.2003], [10.5434, 3.2136], [10.5434, 3.2268], [10.5434, 3.2401], [10.5434, 3.2533], [10.5434, 3.2666], [10.5434, 3.2798], [10.5434, 3.2931], [10.5434, 3.3063], [10.5434, 3.3196], [10.5434, 3.3328], [10.5434, 3.3461], [10.5434, 3.3593], [10.5434, 3.3726], [10.5434, 3.3858], [10.5434, 3.3991], [10.5434, 3.4123], [10.5434, 3.4256], [10.5434, 3.4388], [10.5434, 3.4521], [10.5434, 3.4653], [10.5434, 3.4786], [10.5434, 3.4918], [10.5434, 3.5051], [10.5434, 3.5183], [10.5434, 3.5316], [10.5434, 3.5448], [10.5434, 3.5581], [10.5434, 3.5713], [10.5434, 3.5846], [10.5434, 3.5978], [10.5434, 3.6111], [10.5434, 3.6243], [10.5434, 3.6376], [10.5434, 3.6508], [10.5434, 3.6641], [10.5434, 3.6773], [10.5434, 3.6906], [10.5434, 3.7038], [10.5434, 3.7171], [10.5434, 3.7303], [10.5434, 3.7436], [10.5434, 3.7568], [10.5315, 3.7701], [10.5315, 3.7833], [10.5195, 3.7966], [10.5195, 3.8098], [10.5195, 3.8231], [10.5075, 3.8363], [10.5075, 3.8496], [10.4955, 3.8628], [10.4955, 3.8761], [10.4835, 3.8893], [10.4835, 3.9026], [10.4715, 3.9158], [10.4715, 3.9291], [10.4715, 3.9423], [10.4596, 3.9556], [10.4596, 3.9688], [10.4596, 3.9821], [10.4476, 3.9953], [10.4476, 4.0086], [10.4356, 4.0218], [10.4356, 4.0351], [10.4236, 4.0483], [10.4236, 4.0616], [10.4116, 4.0748], [10.4116, 4.0881], [10.4116, 4.1013], [10.3997, 4.1146], [10.3997, 4.1278], [10.3877, 4.1411], [10.3877, 4.1543], [10.3757, 4.1676], [10.3757, 4.1808], [10.3637, 4.1941], [10.3637, 4.2073], [10.3637, 4.2206], [10.3517, 4.2338], [10.3517, 4.2471], [10.3398, 4.2603], [10.3398, 4.2736], [10.3278, 4.2868], [10.3278, 4.3001], [10.3158, 4.3133], [10.3158, 4.3266], [10.3158, 4.3398], [10.3038, 4.3531], [10.3038, 4.3663], [10.3038, 4.3796], [10.2918, 4.3928], [10.2918, 4.4061], [10.2798, 4.4193], [10.2798, 4.4326], [10.2679, 4.4458], [10.2679, 4.4591], [10.2559, 4.4723], [10.2559, 4.4856], [10.2439, 4.4988], [10.2439, 4.5121], [10.2439, 4.5253], [10.2319, 4.5386], [10.2319, 4.5518], [10.2199, 4.5651], [10.2199, 4.5783], [10.208, 4.5916], [10.208, 4.6048], [10.208, 4.6181], [10.196, 4.6313], [10.196, 4.6446], [10.184, 4.6578], [10.184, 4.6711], [10.172, 4.6843], [10.172, 4.6976], [10.16, 4.7108], [10.16, 4.7241], [10.16, 4.7373], [10.1481, 4.7506], [10.1481, 4.7638], [10.1361, 4.7771], [10.1361, 4.7903], [10.1361, 4.8036], [10.1241, 4.8168], [10.1241, 4.8301], [10.1241, 4.8433], [10.1121, 4.8566], [10.1121, 4.8698], [10.1001, 4.8831], [10.1001, 4.8963], [10.0881, 4.9096], [10.0881, 4.9228], [10.0762, 4.9361], [10.0762, 4.9493], [10.0762, 4.9626], [10.0762, 4.9758], [10.0762, 4.9891], [10.0762, 5.0023], [10.0762, 5.0156], [10.0762, 5.0288], [10.0762, 5.0421], [10.0762, 5.0553], [10.0762, 5.0686], [10.0762, 5.0818], [10.0762, 5.0951], [10.0762, 5.1083], [10.0762, 5.1216], [10.0762, 5.1348], [10.0762, 5.1481], [10.0402, 5.1613], [9.9923, 5.1746], [9.9923, 5.1878], [9.9803, 5.2011], [9.9803, 5.2143], [9.9683, 5.2276], [9.9683, 5.2408], [9.9564, 5.2541], [9.9564, 5.2673], [9.9444, 5.2806], [9.9444, 5.2938], [9.9444, 5.3071], [9.9324, 5.3203], [9.9324, 5.3336], [9.9204, 5.3468], [9.9204, 5.3601], [9.9204, 5.3733], [9.9084, 5.3866], [9.9084, 5.3998], [9.8964, 5.4131], [9.8964, 5.4263], [9.8845, 5.4396], [9.8845, 5.4528], [9.8725, 5.4661], [9.8725, 5.4793], [9.8725, 5.4926], [9.8605, 5.5058], [9.8485, 5.5191], [9.8485, 5.5323], [9.8485, 5.5456], [9.8365, 5.5588], [9.8365, 5.5721], [9.8246, 5.5853], [9.8246, 5.5986], [9.8246, 5.6118], [9.8126, 5.6251], [9.8126, 5.6383], [9.8006, 5.6516], [9.8006, 5.6648], [9.7886, 5.6781], [9.7886, 5.6913], [9.7766, 5.7046], [9.7766, 5.7178], [9.7766, 5.7311], [9.7647, 5.7443], [9.7647, 5.7576], [9.7527, 5.7708], [9.7527, 5.7841], [9.7527, 5.7973], [9.7407, 5.8106], [9.7407, 5.8239], [9.7287, 5.8371], [9.7287, 5.8504], [9.7167, 5.8636], [9.7167, 5.8769], [9.7167, 5.8901], [9.7047, 5.9034], [9.7047, 5.9166], [9.7047, 5.9299], [9.6928, 5.9431], [9.6928, 5.9564], [9.6808, 5.9696], [9.6688, 5.9829], [9.6688, 5.9961], [9.6568, 6.0094], [9.6568, 6.0226], [9.6568, 6.0359], [9.6448, 6.0491], [9.6448, 6.0624], [9.6329, 6.0756], [9.6329, 6.0889], [9.6329, 6.1021], [9.6209, 6.1154], [9.6209, 6.1286], [9.6089, 6.1419], [9.6089, 6.1551], [9.5969, 6.1684], [9.5969, 6.1816], [9.5849, 6.1949], [9.5849, 6.2081], [9.5849, 6.2214], [9.573, 6.2346], [9.573, 6.2479], [9.561, 6.2611], [9.561, 6.2744], [9.549, 6.2876], [9.549, 6.3009], [9.549, 6.3141], [9.537, 6.3274], [9.537, 6.3406], [9.525, 6.3539], [9.525, 6.3671], [9.525, 6.3804], [9.5131, 6.3936], [9.5131, 6.4069], [9.5011, 6.4201], [9.5011, 6.4334], [9.5011, 6.4466], [9.4891, 6.4599], [9.4891, 6.4731], [9.4771, 6.4864], [9.4771, 6.4996], [9.4651, 6.5129], [9.4651, 6.5261], [9.4531, 6.5394], [9.4531, 6.5526], [9.4412, 6.5659], [9.4412, 6.5791], [9.4412, 6.5924], [9.4292, 6.6056], [9.4172, 6.6189], [9.4172, 6.6321], [9.4172, 6.6454], [9.4052, 6.6586], [9.4052, 6.6719], [9.3932, 6.6851], [9.3932, 6.6984], [9.3932, 6.7116], [9.3813, 6.7249], [9.3813, 6.7381], [9.3693, 6.7514], [9.3693, 6.7646], [9.3573, 6.7779], [9.3573, 6.7911], [9.3453, 6.8044], [9.3453, 6.8176], [9.3453, 6.8309], [9.3333, 6.8441], [9.3333, 6.8574], [9.3214, 6.8706], [9.3214, 6.8839], [9.3214, 6.8971], [9.3094, 6.9104], [9.3094, 6.9236], [9.3094, 6.9369], [9.3094, 6.9501], [9.3094, 6.9634]]",用户确认为约 400 mm 高差；边界由 OpenCV 在原图上吸附提取。大部分学校不能直接上，仅对已确认具备跳跃能力的机器人开放。
red_central_highland_ledge_400mm_south,central_highland_ledge_400mm,中央高地 400 mm 高差边缘,red,conditional_ledge,polyline,,user_annotation_opencv_edge_180_rotated,red_180_rotated_from_blue,blocked_by_default,jump_capable,0.4,asymmetric_up_down,10.91,10.9384,910.596,382.0,"[[9.3094, 8.1559], [9.3094, 8.1691], [9.3094, 8.1824], [9.3094, 8.1956], [9.3094, 8.2089], [9.3094, 8.2221], [9.3094, 8.2354], [9.3094, 8.2486], [9.3094, 8.2619], [9.3094, 8.2751], [9.3094, 8.2884], [9.3094, 8.3016], [9.3094, 8.3149], [9.3094, 8.3281], [9.3094, 8.3414], [9.3094, 8.3546], [9.3094, 8.3679], [9.3094, 8.3811], [9.3094, 8.3944], [9.3094, 8.4076], [9.3094, 8.4209], [9.3094, 8.4341], [9.3214, 8.4474], [9.3214, 8.4606], [9.3333, 8.4739], [9.3453, 8.4871], [9.3573, 8.5004], [9.3693, 8.5136], [9.3693, 8.5269], [9.3813, 8.5401], [9.3813, 8.5534], [9.3932, 8.5666], [9.4052, 8.5799], [9.4172, 8.5931], [9.4292, 8.6064], [9.4292, 8.6196], [9.4412, 8.6329], [9.4412, 8.6461], [9.4531, 8.6594], [9.4651, 8.6726], [9.4771, 8.6859], [9.4771, 8.6991], [9.4891, 8.7124], [9.5011, 8.7256], [9.5011, 8.7389], [9.5131, 8.7521], [9.525, 8.7654], [9.537, 8.7786], [9.537, 8.7919], [9.549, 8.8051], [9.549, 8.8184], [9.561, 8.8316], [9.573, 8.8449], [9.5849, 8.8581], [9.5849, 8.8714], [9.5969, 8.8846], [9.5969, 8.8979], [9.6089, 8.9111], [9.6209, 8.9244], [9.6329, 8.9376], [9.6448, 8.9509], [9.6448, 8.9641], [9.6568, 8.9774], [9.6688, 8.9906], [9.6688, 9.0039], [9.6808, 9.0171], [9.6928, 9.0304], [9.7047, 9.0436], [9.7047, 9.0569], [9.7167, 9.0701], [9.7167, 9.0834], [9.7287, 9.0966], [9.7407, 9.1099], [9.7527, 9.1231], [9.7527, 9.1364], [9.7647, 9.1496], [9.7766, 9.1629], [9.7886, 9.1761], [9.7886, 9.1894], [9.8006, 9.2027], [9.8006, 9.2159], [9.8126, 9.2292], [9.8246, 9.2424], [9.8365, 9.2557], [9.8365, 9.2689], [9.8485, 9.2822], [9.8605, 9.2954], [9.8605, 9.3087], [9.8725, 9.3219], [9.8725, 9.3352], [9.8845, 9.3484], [9.8964, 9.3617], [9.9084, 9.3749], [9.9084, 9.3882], [9.9204, 9.4014], [9.9204, 9.4147], [9.9324, 9.4279], [9.9444, 9.4412], [9.9564, 9.4544], [9.9564, 9.4677], [9.9683, 9.4809], [9.9803, 9.4942], [9.9923, 9.5074], [10.0043, 9.5207], [10.0043, 9.5339], [10.0163, 9.5472], [10.0163, 9.5604], [10.0282, 9.5737], [10.0522, 9.5869], [10.0762, 9.6002], [10.0762, 9.6134], [10.0762, 9.6267], [10.0762, 9.6399], [10.0881, 9.6532], [10.0881, 9.6664], [10.1001, 9.6797], [10.1001, 9.6929], [10.1121, 9.7062], [10.1121, 9.7194], [10.1241, 9.7327], [10.1361, 9.7459], [10.1481, 9.7592], [10.1481, 9.7724], [10.16, 9.7857], [10.16, 9.7989], [10.172, 9.8122], [10.184, 9.8254], [10.196, 9.8387], [10.196, 9.8519], [10.208, 9.8652], [10.2199, 9.8784], [10.2199, 9.8917], [10.2319, 9.9049], [10.2439, 9.9182], [10.2559, 9.9314], [10.2559, 9.9447], [10.2679, 9.9579], [10.2679, 9.9712], [10.2798, 9.9844], [10.2918, 9.9977], [10.3038, 10.0109], [10.3158, 10.0242], [10.3158, 10.0374], [10.3278, 10.0507], [10.3278, 10.0639], [10.3398, 10.0772], [10.3517, 10.0904], [10.3637, 10.1037], [10.3637, 10.1169], [10.3757, 10.1302], [10.3877, 10.1434], [10.3997, 10.1567], [10.3997, 10.1699], [10.4116, 10.1832], [10.4236, 10.1964], [10.4236, 10.2097], [10.4356, 10.2229], [10.4476, 10.2362], [10.4476, 10.2494], [10.4596, 10.2627], [10.4715, 10.2759], [10.4835, 10.2892], [10.4835, 10.3024], [10.4955, 10.3157], [10.5075, 10.3289], [10.5195, 10.3422], [10.5195, 10.3554], [10.5315, 10.3687], [10.5434, 10.3819], [10.5434, 10.3952], [10.5554, 10.4084], [10.5674, 10.4217], [10.5794, 10.4349], [10.5794, 10.4482], [10.5914, 10.4614], [10.5914, 10.4747], [10.6033, 10.4879], [10.6153, 10.5012], [10.6273, 10.5144], [10.6273, 10.5277], [10.6393, 10.5409], [10.6513, 10.5542], [10.6513, 10.5674], [10.6632, 10.5807], [10.6752, 10.5939], [10.6872, 10.6072], [10.6872, 10.6204], [10.6992, 10.6337], [10.7112, 10.6469], [10.7231, 10.6602], [10.7231, 10.6734], [10.7351, 10.6867], [10.7351, 10.6999], [10.7471, 10.7132], [10.7591, 10.7264], [10.7711, 10.7397], [10.7711, 10.7529], [10.7831, 10.7662], [10.7831, 10.7794], [10.795, 10.7927], [10.807, 10.8059], [10.807, 10.8192], [10.819, 10.8324], [10.831, 10.8457], [10.843, 10.8589], [10.843, 10.8722], [10.8549, 10.8854], [10.8669, 10.8987], [10.8669, 10.9119], [10.8789, 10.9252], [10.8909, 10.9384], [10.9029, 10.9517], [10.9029, 10.9649], [10.9148, 10.9782], [10.9268, 10.9914], [10.9268, 11.0047], [10.9388, 11.0179], [10.9508, 11.0312], [10.9628, 11.0444], [10.9628, 11.0577], [10.9748, 11.0709], [10.9867, 11.0842], [10.9987, 11.0974], [10.9987, 11.1107], [11.0107, 11.1239], [11.0227, 11.1372], [11.0347, 11.1504], [11.0347, 11.1637], [11.0466, 11.1769], [11.0466, 11.1902], [11.0586, 11.2034], [11.0706, 11.2167], [11.0826, 11.2299], [11.0826, 11.2432], [11.0946, 11.2564], [11.0946, 11.2697], [11.1065, 11.2829], [11.1185, 11.2962], [11.1185, 11.3094], [11.1305, 11.3227], [11.1425, 11.3359], [11.1545, 11.3492], [11.1545, 11.3624], [11.1665, 11.3757], [11.1784, 11.3889], [11.1904, 11.4022], [11.1904, 11.4154], [11.2024, 11.4287], [11.2144, 11.4419], [11.2144, 11.4552], [11.2264, 11.4684], [11.2383, 11.4817], [11.2503, 11.4949], [11.2623, 11.5082], [11.2623, 11.5214], [11.2743, 11.5347], [11.2743, 11.5479], [11.2863, 11.5612], [11.2982, 11.5744], [11.3102, 11.5877], [11.3102, 11.6009], [11.3222, 11.6142], [11.3222, 11.6274], [11.3342, 11.6407], [11.3462, 11.6539], [11.3582, 11.6672], [11.3701, 11.6804], [11.3701, 11.6937], [11.3821, 11.7069], [11.3821, 11.7202], [11.3941, 11.7334], [11.4061, 11.7467], [11.4181, 11.7599], [11.4181, 11.7732], [11.43, 11.7864], [11.43, 11.7997], [11.442, 11.8129], [11.454, 11.8262], [11.466, 11.8394], [11.478, 11.8527], [11.478, 11.8659], [11.478, 11.8792], [11.4899, 11.8924], [11.5019, 11.9057], [11.5139, 11.9189], [11.5259, 11.9322], [11.5259, 11.9454], [11.5379, 11.9587], [11.5499, 11.9719], [11.5499, 11.9852], [11.5618, 11.9984], [11.5738, 12.0117], [11.5858, 12.0249], [11.5858, 12.0382], [11.5978, 12.0514], [11.6098, 12.0647], [11.6217, 12.0779], [11.6217, 12.0912], [11.6337, 12.1044], [11.6457, 12.1177], [11.6457, 12.1309], [11.6577, 12.1442], [11.6697, 12.1574], [11.6697, 12.1707], [11.6816, 12.1839], [11.6936, 12.1972], [11.6936, 12.2104], [11.7056, 12.2237], [11.7176, 12.2369], [11.7296, 12.2502], [11.7296, 12.2634], [11.7415, 12.2767], [11.7535, 12.2899], [11.7535, 12.3032], [11.7655, 12.3164], [11.7775, 12.3297], [11.7775, 12.3429], [11.7895, 12.3562], [11.8015, 12.3694], [11.8015, 12.3827], [11.8134, 12.3959], [11.8254, 12.4092], [11.8374, 12.4224], [11.8374, 12.4357], [11.8494, 12.4489], [11.8614, 12.4622], [11.8614, 12.4754], [11.8733, 12.4887], [11.8853, 12.5019], [11.8973, 12.5152], [11.8973, 12.5284], [11.9093, 12.5417], [11.9093, 12.5549], [11.9213, 12.5682], [11.9332, 12.5814], [11.9452, 12.5947], [11.9452, 12.608], [11.9572, 12.6212], [11.9572, 12.6345], [11.9692, 12.6477], [11.9812, 12.661], [11.9932, 12.6742], [12.0051, 12.6875], [12.0051, 12.7007], [12.0171, 12.714], [12.0291, 12.7272], [12.0291, 12.7405], [12.0411, 12.7537], [12.0531, 12.767], [12.065, 12.7802], [12.065, 12.7935], [12.077, 12.8067], [12.089, 12.82], [12.101, 12.8332], [12.101, 12.8465], [12.113, 12.8597], [12.113, 12.873], [12.1249, 12.8862], [12.1369, 12.8995], [12.1489, 12.9127], [12.1489, 12.926], [12.1609, 12.9392], [12.1609, 12.9525], [12.1729, 12.9657], [12.1849, 12.979], [12.1968, 12.9922], [12.2088, 13.0055], [12.2088, 13.0187], [12.2208, 13.032], [12.2208, 13.0452], [12.2328, 13.0585], [12.2448, 13.0717], [12.2567, 13.085], [12.2687, 13.0982], [12.2687, 13.1115], [12.2687, 13.1247], [12.2807, 13.138], [12.2927, 13.1512], [12.3047, 13.1645], [12.3166, 13.1777], [12.3166, 13.191], [12.3286, 13.2042], [12.3406, 13.2175], [12.3406, 13.2307], [12.3526, 13.244], [12.3646, 13.2572], [12.3766, 13.2705], [12.3766, 13.2837], [12.3885, 13.297], [12.3885, 13.3102], [12.4005, 13.3235], [12.4125, 13.3367], [12.4245, 13.35], [12.4245, 13.3632], [12.4365, 13.3765], [12.4484, 13.3897], [12.4484, 13.403], [12.4604, 13.4162], [12.4724, 13.4295], [12.4724, 13.4427], [12.4844, 13.456], [12.4844, 13.4692], [12.4964, 13.4825], [12.5443, 13.4957], [12.5922, 13.509], [12.6401, 13.5222], [12.6881, 13.5355], [12.736, 13.5487], [12.7839, 13.562], [12.8318, 13.5752], [12.8798, 13.5885], [12.9277, 13.6017], [12.9756, 13.615], [13.0116, 13.6282], [13.0116, 13.6415], [13.0116, 13.6547], [13.0116, 13.668], [13.0116, 13.6812], [13.0116, 13.6945], [13.0116, 13.7077], [13.0116, 13.721]]",用户确认为约 400 mm 高差；边界由 OpenCV 在原图上吸附提取。大部分学校不能直接上，仅对已确认具备跳跃能力的机器人开放。
central_highland_region,central_highland_region,中央高地区域,neutral,terrain_region,polygon,,user_annotation_and_symmetry,assembled_from_blue_and_red_edges,surface_passable_after_entry,,,,13.994,7.5066,1168.0,641.0,"[[18.0436, 13.1777], [18.0556, 13.1645], [18.0676, 13.1512], [18.1036, 13.138], [18.1036, 13.1247], [18.1036, 13.1115], [18.0796, 13.0982], [18.0317, 13.085], [18.0197, 13.0717], [18.0077, 13.0585], [18.0077, 13.0452], [17.9957, 13.032], [17.9957, 13.0187], [17.9837, 13.0055], [17.9718, 12.9922], [17.9598, 12.979], [17.9478, 12.9657], [17.9478, 12.9525], [17.9478, 12.9392], [17.9478, 12.926], [17.9358, 12.9127], [17.9238, 12.8995], [17.9238, 12.8862], [17.9119, 12.873], [17.9119, 12.8597], [17.8999, 12.8465], [17.8879, 12.8332], [17.8879, 12.82], [17.8759, 12.8067], [17.8759, 12.7935], [17.8639, 12.7802], [17.8639, 12.767], [17.8519, 12.7537], [17.84, 12.7405], [17.84, 12.7272], [17.828, 12.714], [17.828, 12.7007], [17.816, 12.6875], [17.816, 12.6742], [17.804, 12.661], [17.804, 12.6477], [17.804, 12.6345], [17.804, 12.6212], [17.804, 12.608], [17.804, 12.5947], [17.792, 12.5814], [17.7801, 12.5682], [17.7681, 12.5549], [17.7681, 12.5417], [17.7561, 12.5284], [17.7561, 12.5152], [17.7441, 12.5019], [17.7321, 12.4887], [17.7202, 12.4754], [17.7082, 12.4622], [17.7082, 12.4489], [17.6962, 12.4357], [17.6962, 12.4224], [17.6842, 12.4092], [17.6722, 12.3959], [17.6602, 12.3827], [17.6483, 12.3694], [17.6483, 12.3562], [17.6483, 12.3429], [17.6363, 12.3297], [17.6243, 12.3164], [17.6123, 12.3032], [17.6003, 12.2899], [17.6003, 12.2767], [17.5884, 12.2634], [17.5884, 12.2502], [17.5764, 12.2369], [17.5644, 12.2237], [17.5524, 12.2104], [17.5524, 12.1972], [17.5404, 12.1839], [17.5404, 12.1707], [17.5285, 12.1574], [17.5165, 12.1442], [17.5045, 12.1309], [17.5045, 12.1177], [17.4925, 12.1044], [17.4805, 12.0912], [17.4805, 12.0779], [17.4685, 12.0647], [17.4566, 12.0514], [17.4566, 12.0382], [17.4446, 12.0249], [17.4446, 12.0117], [17.4446, 11.9984], [17.4446, 11.9852], [17.4446, 11.9719], [17.4446, 11.9587], [17.4446, 11.9454], [17.4446, 11.9322], [17.4446, 11.9189], [17.4446, 11.9057], [17.4446, 11.8924], [17.4446, 11.8792], [17.4446, 11.8659], [17.4446, 11.8527], [17.4446, 11.8394], [17.4446, 11.8262], [17.4446, 11.8129], [17.4446, 11.7997], [17.4446, 11.7864], [17.4446, 11.7732], [17.4446, 11.7599], [17.4446, 11.7467], [17.4446, 11.7334], [17.4446, 11.7202], [17.4446, 11.7069], [17.4446, 11.6937], [17.4446, 11.6804], [17.4446, 11.6672], [17.4446, 11.6539], [17.4446, 11.6407], [17.4446, 11.6274], [17.4446, 11.6142], [17.4446, 11.6009], [17.4446, 11.5877], [17.4446, 11.5744], [17.4446, 11.5612], [17.4446, 11.5479], [17.4446, 11.5347], [17.4446, 11.5214], [17.4446, 11.5082], [17.4446, 11.4949], [17.4446, 11.4817], [17.4446, 11.4684], [17.4446, 11.4552], [17.4446, 11.4419], [17.4446, 11.4287], [17.4446, 11.4154], [17.4446, 11.4022], [17.4446, 11.3889], [17.4446, 11.3757], [17.4446, 11.3624], [17.4446, 11.3492], [17.4446, 11.3359], [17.4446, 11.3227], [17.4446, 11.3094], [17.4446, 11.2962], [17.4446, 11.2829], [17.4446, 11.2697], [17.4446, 11.2564], [17.4566, 11.2432], [17.4566, 11.2299], [17.4685, 11.2167], [17.4685, 11.2034], [17.4685, 11.1902], [17.4805, 11.1769], [17.4805, 11.1637], [17.4925, 11.1504], [17.4925, 11.1372], [17.5045, 11.1239], [17.5045, 11.1107], [17.5165, 11.0974], [17.5165, 11.0842], [17.5165, 11.0709], [17.5285, 11.0577], [17.5285, 11.0444], [17.5285, 11.0312], [17.5404, 11.0179], [17.5404, 11.0047], [17.5524, 10.9914], [17.5524, 10.9782], [17.5644, 10.9649], [17.5644, 10.9517], [17.5764, 10.9384], [17.5764, 10.9252], [17.5764, 10.9119], [17.5884, 10.8987], [17.5884, 10.8854], [17.6003, 10.8722], [17.6003, 10.8589], [17.6123, 10.8457], [17.6123, 10.8324], [17.6243, 10.8192], [17.6243, 10.8059], [17.6243, 10.7927], [17.6363, 10.7794], [17.6363, 10.7662], [17.6483, 10.7529], [17.6483, 10.7397], [17.6602, 10.7264], [17.6602, 10.7132], [17.6722, 10.6999], [17.6722, 10.6867], [17.6722, 10.6734], [17.6842, 10.6602], [17.6842, 10.6469], [17.6842, 10.6337], [17.6962, 10.6204], [17.6962, 10.6072], [17.7082, 10.5939], [17.7082, 10.5807], [17.7202, 10.5674], [17.7202, 10.5542], [17.7321, 10.5409], [17.7321, 10.5277], [17.7441, 10.5144], [17.7441, 10.5012], [17.7441, 10.4879], [17.7561, 10.4747], [17.7561, 10.4614], [17.7681, 10.4482], [17.7681, 10.4349], [17.7801, 10.4217], [17.7801, 10.4084], [17.7801, 10.3952], [17.792, 10.3819], [17.792, 10.3687], [17.804, 10.3554], [17.804, 10.3422], [17.816, 10.3289], [17.816, 10.3157], [17.828, 10.3024], [17.828, 10.2892], [17.828, 10.2759], [17.84, 10.2627], [17.84, 10.2494], [17.8519, 10.2362], [17.8519, 10.2229], [17.8519, 10.2097], [17.8639, 10.1964], [17.8639, 10.1832], [17.8639, 10.1699], [17.8759, 10.1567], [17.8759, 10.1434], [17.8879, 10.1302], [17.8879, 10.1169], [17.8999, 10.1037], [17.8999, 10.0904], [17.9119, 10.0772], [17.9119, 10.0639], [17.9119, 10.0507], [17.9119, 10.0374], [17.9119, 10.0242], [17.9119, 10.0109], [17.9119, 9.9977], [17.9119, 9.9844], [17.9119, 9.9712], [17.9119, 9.9579], [17.9119, 9.9447], [17.9119, 9.9314], [17.9119, 9.9182], [17.9119, 9.9049], [17.9119, 9.8917], [17.9119, 9.8784], [17.9119, 9.8652], [17.9478, 9.8519], [17.9957, 9.8387], [17.9957, 9.8254], [18.0077, 9.8122], [18.0077, 9.7989], [18.0197, 9.7857], [18.0197, 9.7724], [18.0317, 9.7592], [18.0317, 9.7459], [18.0436, 9.7327], [18.0436, 9.7194], [18.0436, 9.7062], [18.0556, 9.6929], [18.0556, 9.6797], [18.0676, 9.6664], [18.0676, 9.6532], [18.0676, 9.6399], [18.0796, 9.6267], [18.0796, 9.6134], [18.0916, 9.6002], [18.0916, 9.5869], [18.1036, 9.5737], [18.1036, 9.5604], [18.1155, 9.5472], [18.1155, 9.5339], [18.1155, 9.5207], [18.1275, 9.5074], [18.1395, 9.4942], [18.1395, 9.4809], [18.1395, 9.4677], [18.1515, 9.4544], [18.1515, 9.4412], [18.1635, 9.4279], [18.1635, 9.4147], [18.1635, 9.4014], [18.1754, 9.3882], [18.1754, 9.3749], [18.1874, 9.3617], [18.1874, 9.3484], [18.1994, 9.3352], [18.1994, 9.3219], [18.2114, 9.3087], [18.2114, 9.2954], [18.2114, 9.2822], [18.2234, 9.2689], [18.2234, 9.2557], [18.2353, 9.2424], [18.2353, 9.2292], [18.2353, 9.2159], [18.2473, 9.2027], [18.2473, 9.1894], [18.2593, 9.1761], [18.2593, 9.1629], [18.2713, 9.1496], [18.2713, 9.1364], [18.2713, 9.1231], [18.2833, 9.1099], [18.2833, 9.0966], [18.2833, 9.0834], [18.2953, 9.0701], [18.2953, 9.0569], [18.3072, 9.0436], [18.3192, 9.0304], [18.3192, 9.0171], [18.3312, 9.0039], [18.3312, 8.9906], [18.3312, 8.9774], [18.3432, 8.9641], [18.3432, 8.9509], [18.3552, 8.9376], [18.3552, 8.9244], [18.3552, 8.9111], [18.3671, 8.8979], [18.3671, 8.8846], [18.3791, 8.8714], [18.3791, 8.8581], [18.3911, 8.8449], [18.3911, 8.8316], [18.4031, 8.8184], [18.4031, 8.8051], [18.4031, 8.7919], [18.4151, 8.7786], [18.4151, 8.7654], [18.427, 8.7521], [18.427, 8.7389], [18.439, 8.7256], [18.439, 8.7124], [18.439, 8.6991], [18.451, 8.6859], [18.451, 8.6726], [18.463, 8.6594], [18.463, 8.6461], [18.463, 8.6329], [18.475, 8.6196], [18.475, 8.6064], [18.4869, 8.5931], [18.4869, 8.5799], [18.4869, 8.5666], [18.4989, 8.5534], [18.4989, 8.5401], [18.5109, 8.5269], [18.5109, 8.5136], [18.5229, 8.5004], [18.5229, 8.4871], [18.5349, 8.4739], [18.5349, 8.4606], [18.5469, 8.4474], [18.5469, 8.4341], [18.5469, 8.4209], [18.5588, 8.4076], [18.5708, 8.3944], [18.5708, 8.3811], [18.5708, 8.3679], [18.5828, 8.3546], [18.5828, 8.3414], [18.5948, 8.3281], [18.5948, 8.3149], [18.5948, 8.3016], [18.6068, 8.2884], [18.6068, 8.2751], [18.6187, 8.2619], [18.6187, 8.2486], [18.6307, 8.2354], [18.6307, 8.2221], [18.6427, 8.2089], [18.6427, 8.1956], [18.6427, 8.1824], [18.6547, 8.1691], [18.6547, 8.1559], [18.6667, 8.1426], [18.6667, 8.1294], [18.6667, 8.1161], [18.6786, 8.1029], [18.6786, 8.0896], [18.6786, 8.0764], [18.6786, 8.0631], [18.6786, 8.0499], [18.6786, 7.4536], [18.6786, 6.8574], [18.6786, 6.8441], [18.6786, 6.8309], [18.6786, 6.8176], [18.6786, 6.8044], [18.6786, 6.7911], [18.6786, 6.7779], [18.6786, 6.7646], [18.6786, 6.7514], [18.6786, 6.7381], [18.6786, 6.7249], [18.6786, 6.7116], [18.6786, 6.6984], [18.6786, 6.6851], [18.6786, 6.6719], [18.6786, 6.6586], [18.6786, 6.6454], [18.6786, 6.6321], [18.6786, 6.6189], [18.6786, 6.6056], [18.6786, 6.5924], [18.6786, 6.5791], [18.6667, 6.5659], [18.6667, 6.5526], [18.6547, 6.5394], [18.6427, 6.5261], [18.6307, 6.5129], [18.6187, 6.4996], [18.6187, 6.4864], [18.6068, 6.4731], [18.6068, 6.4599], [18.5948, 6.4466], [18.5828, 6.4334], [18.5708, 6.4201], [18.5588, 6.4069], [18.5588, 6.3936], [18.5469, 6.3804], [18.5469, 6.3671], [18.5349, 6.3539], [18.5229, 6.3406], [18.5109, 6.3274], [18.5109, 6.3141], [18.4989, 6.3009], [18.4869, 6.2876], [18.4869, 6.2744], [18.475, 6.2611], [18.463, 6.2479], [18.451, 6.2346], [18.451, 6.2214], [18.439, 6.2081], [18.439, 6.1949], [18.427, 6.1816], [18.4151, 6.1684], [18.4031, 6.1551], [18.4031, 6.1419], [18.3911, 6.1286], [18.3911, 6.1154], [18.3791, 6.1021], [18.3671, 6.0889], [18.3552, 6.0756], [18.3432, 6.0624], [18.3432, 6.0491], [18.3312, 6.0359], [18.3192, 6.0226], [18.3192, 6.0094], [18.3072, 5.9961], [18.2953, 5.9829], [18.2833, 5.9696], [18.2833, 5.9564], [18.2713, 5.9431], [18.2713, 5.9299], [18.2593, 5.9166], [18.2473, 5.9034], [18.2353, 5.8901], [18.2353, 5.8769], [18.2234, 5.8636], [18.2114, 5.8504], [18.1994, 5.8371], [18.1994, 5.8239], [18.1874, 5.8106], [18.1874, 5.7973], [18.1754, 5.7841], [18.1635, 5.7708], [18.1515, 5.7576], [18.1515, 5.7443], [18.1395, 5.7311], [18.1275, 5.7178], [18.1275, 5.7046], [18.1155, 5.6913], [18.1155, 5.6781], [18.1036, 5.6648], [18.0916, 5.6516], [18.0796, 5.6383], [18.0796, 5.6251], [18.0676, 5.6118], [18.0676, 5.5986], [18.0556, 5.5853], [18.0436, 5.5721], [18.0317, 5.5588], [18.0317, 5.5456], [18.0197, 5.5323], [18.0077, 5.5191], [17.9957, 5.5058], [17.9837, 5.4926], [17.9837, 5.4793], [17.9718, 5.4661], [17.9718, 5.4528], [17.9598, 5.4396], [17.9358, 5.4263], [17.9119, 5.4131], [17.9119, 5.3998], [17.9119, 5.3866], [17.9119, 5.3733], [17.8999, 5.3601], [17.8999, 5.3468], [17.8879, 5.3336], [17.8879, 5.3203], [17.8759, 5.3071], [17.8759, 5.2938], [17.8639, 5.2806], [17.8519, 5.2673], [17.84, 5.2541], [17.84, 5.2408], [17.828, 5.2276], [17.828, 5.2143], [17.816, 5.2011], [17.804, 5.1878], [17.792, 5.1746], [17.792, 5.1613], [17.7801, 5.1481], [17.7681, 5.1348], [17.7681, 5.1216], [17.7561, 5.1083], [17.7441, 5.0951], [17.7321, 5.0818], [17.7321, 5.0686], [17.7202, 5.0553], [17.7202, 5.0421], [17.7082, 5.0288], [17.6962, 5.0156], [17.6842, 5.0023], [17.6722, 4.9891], [17.6722, 4.9758], [17.6602, 4.9626], [17.6602, 4.9493], [17.6483, 4.9361], [17.6363, 4.9228], [17.6243, 4.9096], [17.6243, 4.8963], [17.6123, 4.8831], [17.6003, 4.8698], [17.5884, 4.8566], [17.5884, 4.8433], [17.5764, 4.8301], [17.5644, 4.8168], [17.5644, 4.8036], [17.5524, 4.7903], [17.5404, 4.7771], [17.5404, 4.7638], [17.5285, 4.7506], [17.5165, 4.7373], [17.5045, 4.7241], [17.5045, 4.7108], [17.4925, 4.6976], [17.4805, 4.6843], [17.4685, 4.6711], [17.4685, 4.6578], [17.4566, 4.6446], [17.4446, 4.6313], [17.4446, 4.6181], [17.4326, 4.6048], [17.4206, 4.5916], [17.4086, 4.5783], [17.4086, 4.5651], [17.3967, 4.5518], [17.3967, 4.5386], [17.3847, 4.5253], [17.3727, 4.5121], [17.3607, 4.4988], [17.3607, 4.4856], [17.3487, 4.4723], [17.3368, 4.4591], [17.3368, 4.4458], [17.3248, 4.4326], [17.3128, 4.4193], [17.3008, 4.4061], [17.3008, 4.3928], [17.2888, 4.3796], [17.2769, 4.3663], [17.2649, 4.3531], [17.2649, 4.3398], [17.2529, 4.3266], [17.2529, 4.3133], [17.2409, 4.3001], [17.2289, 4.2868], [17.2169, 4.2736], [17.2169, 4.2603], [17.205, 4.2471], [17.205, 4.2338], [17.193, 4.2206], [17.181, 4.2073], [17.181, 4.1941], [17.169, 4.1808], [17.157, 4.1676], [17.1451, 4.1543], [17.1451, 4.1411], [17.1331, 4.1278], [17.1211, 4.1146], [17.1211, 4.1013], [17.1091, 4.0881], [17.0971, 4.0748], [17.0852, 4.0616], [17.0852, 4.0483], [17.0732, 4.0351], [17.0612, 4.0218], [17.0612, 4.0086], [17.0492, 3.9953], [17.0372, 3.9821], [17.0252, 3.9688], [17.0252, 3.9556], [17.0133, 3.9423], [17.0013, 3.9291], [16.9893, 3.9158], [16.9893, 3.9026], [16.9773, 3.8893], [16.9653, 3.8761], [16.9534, 3.8628], [16.9534, 3.8496], [16.9414, 3.8363], [16.9414, 3.8231], [16.9294, 3.8098], [16.9174, 3.7966], [16.9054, 3.7833], [16.9054, 3.7701], [16.8935, 3.7568], [16.8935, 3.7436], [16.8815, 3.7303], [16.8695, 3.7171], [16.8695, 3.7038], [16.8575, 3.6906], [16.8455, 3.6773], [16.8335, 3.6641], [16.8335, 3.6508], [16.8216, 3.6376], [16.8096, 3.6243], [16.7976, 3.6111], [16.7976, 3.5978], [16.7856, 3.5846], [16.7736, 3.5713], [16.7736, 3.5581], [16.7617, 3.5448], [16.7497, 3.5316], [16.7377, 3.5183], [16.7257, 3.5051], [16.7257, 3.4918], [16.7137, 3.4786], [16.7137, 3.4653], [16.7018, 3.4521], [16.6898, 3.4388], [16.6778, 3.4256], [16.6778, 3.4123], [16.6658, 3.3991], [16.6658, 3.3858], [16.6538, 3.3726], [16.6418, 3.3593], [16.6299, 3.3461], [16.6179, 3.3328], [16.6179, 3.3196], [16.6059, 3.3063], [16.6059, 3.2931], [16.5939, 3.2798], [16.5819, 3.2666], [16.57, 3.2533], [16.57, 3.2401], [16.558, 3.2268], [16.558, 3.2136], [16.546, 3.2003], [16.534, 3.1871], [16.522, 3.1738], [16.5101, 3.1606], [16.5101, 3.1473], [16.5101, 3.1341], [16.4981, 3.1208], [16.4861, 3.1076], [16.4741, 3.0943], [16.4621, 3.0811], [16.4621, 3.0678], [16.4501, 3.0546], [16.4382, 3.0413], [16.4382, 3.0281], [16.4262, 3.0148], [16.4142, 3.0016], [16.4022, 2.9883], [16.4022, 2.9751], [16.3902, 2.9618], [16.3783, 2.9486], [16.3663, 2.9353], [16.3663, 2.9221], [16.3543, 2.9088], [16.3423, 2.8956], [16.3423, 2.8823], [16.3303, 2.8691], [16.3184, 2.8558], [16.3184, 2.8426], [16.3064, 2.8293], [16.2944, 2.8161], [16.2944, 2.8028], [16.2824, 2.7896], [16.2704, 2.7763], [16.2585, 2.7631], [16.2585, 2.7498], [16.2465, 2.7366], [16.2345, 2.7233], [16.2345, 2.7101], [16.2225, 2.6968], [16.2105, 2.6836], [16.2105, 2.6703], [16.1985, 2.6571], [16.1866, 2.6438], [16.1866, 2.6306], [16.1746, 2.6173], [16.1626, 2.6041], [16.1506, 2.5908], [16.1506, 2.5776], [16.1386, 2.5643], [16.1267, 2.5511], [16.1267, 2.5378], [16.1147, 2.5246], [16.1027, 2.5113], [16.0907, 2.4981], [16.0907, 2.4848], [16.0787, 2.4716], [16.0787, 2.4583], [16.0668, 2.4451], [16.0548, 2.4318], [16.0428, 2.4186], [16.0428, 2.4053], [16.0308, 2.392], [16.0308, 2.3788], [16.0188, 2.3655], [16.0068, 2.3523], [15.9949, 2.339], [15.9829, 2.3258], [15.9829, 2.3125], [15.9709, 2.2993], [15.9589, 2.286], [15.9589, 2.2728], [15.9469, 2.2595], [15.935, 2.2463], [15.923, 2.233], [15.923, 2.2198], [15.911, 2.2065], [15.899, 2.1933], [15.887, 2.18], [15.887, 2.1668], [15.8751, 2.1535], [15.8751, 2.1403], [15.8631, 2.127], [15.8511, 2.1138], [15.8391, 2.1005], [15.8391, 2.0873], [15.8271, 2.074], [15.8271, 2.0608], [15.8151, 2.0475], [15.8032, 2.0343], [15.7912, 2.021], [15.7792, 2.0078], [15.7792, 1.9945], [15.7672, 1.9813], [15.7672, 1.968], [15.7552, 1.9548], [15.7433, 1.9415], [15.7313, 1.9283], [15.7193, 1.915], [15.7193, 1.9018], [15.7193, 1.8885], [15.7073, 1.8753], [15.6953, 1.862], [15.6834, 1.8488], [15.6714, 1.8355], [15.6714, 1.8223], [15.6594, 1.809], [15.6474, 1.7958], [15.6474, 1.7825], [15.6354, 1.7693], [15.6234, 1.756], [15.6115, 1.7428], [15.6115, 1.7295], [15.5995, 1.7163], [15.5995, 1.703], [15.5875, 1.6898], [15.5755, 1.6765], [15.5635, 1.6633], [15.5635, 1.65], [15.5516, 1.6368], [15.5396, 1.6235], [15.5396, 1.6103], [15.5276, 1.597], [15.5156, 1.5838], [15.5156, 1.5705], [15.5036, 1.5573], [15.5036, 1.544], [15.4917, 1.5308], [15.4437, 1.5175], [15.3958, 1.5043], [15.3479, 1.491], [15.3, 1.4778], [15.252, 1.4645], [15.2041, 1.4513], [15.1562, 1.438], [15.1083, 1.4248], [15.0603, 1.4115], [15.0124, 1.3983], [14.9765, 1.385], [14.9765, 1.3718], [14.9765, 1.3585], [14.9765, 1.3453], [14.9765, 1.332], [14.9765, 1.3188], [14.9765, 1.3055], [14.9765, 1.2923], [9.9444, 1.8355], [9.9444, 1.8355], [9.9324, 1.8488], [9.9204, 1.862], [9.8845, 1.8753], [9.8845, 1.8885], [9.8845, 1.9018], [9.9084, 1.915], [9.9564, 1.9283], [9.9683, 1.9415], [9.9803, 1.9548], [9.9803, 1.968], [9.9923, 1.9813], [9.9923, 1.9945], [10.0043, 2.0078], [10.0163, 2.021], [10.0282, 2.0343], [10.0402, 2.0475], [10.0402, 2.0608], [10.0402, 2.074], [10.0402, 2.0873], [10.0522, 2.1005], [10.0642, 2.1138], [10.0642, 2.127], [10.0762, 2.1403], [10.0762, 2.1535], [10.0881, 2.1668], [10.1001, 2.18], [10.1001, 2.1933], [10.1121, 2.2065], [10.1121, 2.2198], [10.1241, 2.233], [10.1241, 2.2463], [10.1361, 2.2595], [10.1481, 2.2728], [10.1481, 2.286], [10.16, 2.2993], [10.16, 2.3125], [10.172, 2.3258], [10.172, 2.339], [10.184, 2.3523], [10.184, 2.3655], [10.184, 2.3788], [10.184, 2.392], [10.184, 2.4053], [10.184, 2.4186], [10.196, 2.4318], [10.208, 2.4451], [10.2199, 2.4583], [10.2199, 2.4716], [10.2319, 2.4848], [10.2319, 2.4981], [10.2439, 2.5113], [10.2559, 2.5246], [10.2679, 2.5378], [10.2798, 2.5511], [10.2798, 2.5643], [10.2918, 2.5776], [10.2918, 2.5908], [10.3038, 2.6041], [10.3158, 2.6173], [10.3278, 2.6306], [10.3398, 2.6438], [10.3398, 2.6571], [10.3398, 2.6703], [10.3517, 2.6836], [10.3637, 2.6968], [10.3757, 2.7101], [10.3877, 2.7233], [10.3877, 2.7366], [10.3997, 2.7498], [10.3997, 2.7631], [10.4116, 2.7763], [10.4236, 2.7896], [10.4356, 2.8028], [10.4356, 2.8161], [10.4476, 2.8293], [10.4476, 2.8426], [10.4596, 2.8558], [10.4715, 2.8691], [10.4835, 2.8823], [10.4835, 2.8956], [10.4955, 2.9088], [10.5075, 2.9221], [10.5075, 2.9353], [10.5195, 2.9486], [10.5315, 2.9618], [10.5315, 2.9751], [10.5434, 2.9883], [10.5434, 3.0016], [10.5434, 3.0148], [10.5434, 3.0281], [10.5434, 3.0413], [10.5434, 3.0546], [10.5434, 3.0678], [10.5434, 3.0811], [10.5434, 3.0943], [10.5434, 3.1076], [10.5434, 3.1208], [10.5434, 3.1341], [10.5434, 3.1473], [10.5434, 3.1606], [10.5434, 3.1738], [10.5434, 3.1871], [10.5434, 3.2003], [10.5434, 3.2136], [10.5434, 3.2268], [10.5434, 3.2401], [10.5434, 3.2533], [10.5434, 3.2666], [10.5434, 3.2798], [10.5434, 3.2931], [10.5434, 3.3063], [10.5434, 3.3196], [10.5434, 3.3328], [10.5434, 3.3461], [10.5434, 3.3593], [10.5434, 3.3726], [10.5434, 3.3858], [10.5434, 3.3991], [10.5434, 3.4123], [10.5434, 3.4256], [10.5434, 3.4388], [10.5434, 3.4521], [10.5434, 3.4653], [10.5434, 3.4786], [10.5434, 3.4918], [10.5434, 3.5051], [10.5434, 3.5183], [10.5434, 3.5316], [10.5434, 3.5448], [10.5434, 3.5581], [10.5434, 3.5713], [10.5434, 3.5846], [10.5434, 3.5978], [10.5434, 3.6111], [10.5434, 3.6243], [10.5434, 3.6376], [10.5434, 3.6508], [10.5434, 3.6641], [10.5434, 3.6773], [10.5434, 3.6906], [10.5434, 3.7038], [10.5434, 3.7171], [10.5434, 3.7303], [10.5434, 3.7436], [10.5434, 3.7568], [10.5315, 3.7701], [10.5315, 3.7833], [10.5195, 3.7966], [10.5195, 3.8098], [10.5195, 3.8231], [10.5075, 3.8363], [10.5075, 3.8496], [10.4955, 3.8628], [10.4955, 3.8761], [10.4835, 3.8893], [10.4835, 3.9026], [10.4715, 3.9158], [10.4715, 3.9291], [10.4715, 3.9423], [10.4596, 3.9556], [10.4596, 3.9688], [10.4596, 3.9821], [10.4476, 3.9953], [10.4476, 4.0086], [10.4356, 4.0218], [10.4356, 4.0351], [10.4236, 4.0483], [10.4236, 4.0616], [10.4116, 4.0748], [10.4116, 4.0881], [10.4116, 4.1013], [10.3997, 4.1146], [10.3997, 4.1278], [10.3877, 4.1411], [10.3877, 4.1543], [10.3757, 4.1676], [10.3757, 4.1808], [10.3637, 4.1941], [10.3637, 4.2073], [10.3637, 4.2206], [10.3517, 4.2338], [10.3517, 4.2471], [10.3398, 4.2603], [10.3398, 4.2736], [10.3278, 4.2868], [10.3278, 4.3001], [10.3158, 4.3133], [10.3158, 4.3266], [10.3158, 4.3398], [10.3038, 4.3531], [10.3038, 4.3663], [10.3038, 4.3796], [10.2918, 4.3928], [10.2918, 4.4061], [10.2798, 4.4193], [10.2798, 4.4326], [10.2679, 4.4458], [10.2679, 4.4591], [10.2559, 4.4723], [10.2559, 4.4856], [10.2439, 4.4988], [10.2439, 4.5121], [10.2439, 4.5253], [10.2319, 4.5386], [10.2319, 4.5518], [10.2199, 4.5651], [10.2199, 4.5783], [10.208, 4.5916], [10.208, 4.6048], [10.208, 4.6181], [10.196, 4.6313], [10.196, 4.6446], [10.184, 4.6578], [10.184, 4.6711], [10.172, 4.6843], [10.172, 4.6976], [10.16, 4.7108], [10.16, 4.7241], [10.16, 4.7373], [10.1481, 4.7506], [10.1481, 4.7638], [10.1361, 4.7771], [10.1361, 4.7903], [10.1361, 4.8036], [10.1241, 4.8168], [10.1241, 4.8301], [10.1241, 4.8433], [10.1121, 4.8566], [10.1121, 4.8698], [10.1001, 4.8831], [10.1001, 4.8963], [10.0881, 4.9096], [10.0881, 4.9228], [10.0762, 4.9361], [10.0762, 4.9493], [10.0762, 4.9626], [10.0762, 4.9758], [10.0762, 4.9891], [10.0762, 5.0023], [10.0762, 5.0156], [10.0762, 5.0288], [10.0762, 5.0421], [10.0762, 5.0553], [10.0762, 5.0686], [10.0762, 5.0818], [10.0762, 5.0951], [10.0762, 5.1083], [10.0762, 5.1216], [10.0762, 5.1348], [10.0762, 5.1481], [10.0402, 5.1613], [9.9923, 5.1746], [9.9923, 5.1878], [9.9803, 5.2011], [9.9803, 5.2143], [9.9683, 5.2276], [9.9683, 5.2408], [9.9564, 5.2541], [9.9564, 5.2673], [9.9444, 5.2806], [9.9444, 5.2938], [9.9444, 5.3071], [9.9324, 5.3203], [9.9324, 5.3336], [9.9204, 5.3468], [9.9204, 5.3601], [9.9204, 5.3733], [9.9084, 5.3866], [9.9084, 5.3998], [9.8964, 5.4131], [9.8964, 5.4263], [9.8845, 5.4396], [9.8845, 5.4528], [9.8725, 5.4661], [9.8725, 5.4793], [9.8725, 5.4926], [9.8605, 5.5058], [9.8485, 5.5191], [9.8485, 5.5323], [9.8485, 5.5456], [9.8365, 5.5588], [9.8365, 5.5721], [9.8246, 5.5853], [9.8246, 5.5986], [9.8246, 5.6118], [9.8126, 5.6251], [9.8126, 5.6383], [9.8006, 5.6516], [9.8006, 5.6648], [9.7886, 5.6781], [9.7886, 5.6913], [9.7766, 5.7046], [9.7766, 5.7178], [9.7766, 5.7311], [9.7647, 5.7443], [9.7647, 5.7576], [9.7527, 5.7708], [9.7527, 5.7841], [9.7527, 5.7973], [9.7407, 5.8106], [9.7407, 5.8239], [9.7287, 5.8371], [9.7287, 5.8504], [9.7167, 5.8636], [9.7167, 5.8769], [9.7167, 5.8901], [9.7047, 5.9034], [9.7047, 5.9166], [9.7047, 5.9299], [9.6928, 5.9431], [9.6928, 5.9564], [9.6808, 5.9696], [9.6688, 5.9829], [9.6688, 5.9961], [9.6568, 6.0094], [9.6568, 6.0226], [9.6568, 6.0359], [9.6448, 6.0491], [9.6448, 6.0624], [9.6329, 6.0756], [9.6329, 6.0889], [9.6329, 6.1021], [9.6209, 6.1154], [9.6209, 6.1286], [9.6089, 6.1419], [9.6089, 6.1551], [9.5969, 6.1684], [9.5969, 6.1816], [9.5849, 6.1949], [9.5849, 6.2081], [9.5849, 6.2214], [9.573, 6.2346], [9.573, 6.2479], [9.561, 6.2611], [9.561, 6.2744], [9.549, 6.2876], [9.549, 6.3009], [9.549, 6.3141], [9.537, 6.3274], [9.537, 6.3406], [9.525, 6.3539], [9.525, 6.3671], [9.525, 6.3804], [9.5131, 6.3936], [9.5131, 6.4069], [9.5011, 6.4201], [9.5011, 6.4334], [9.5011, 6.4466], [9.4891, 6.4599], [9.4891, 6.4731], [9.4771, 6.4864], [9.4771, 6.4996], [9.4651, 6.5129], [9.4651, 6.5261], [9.4531, 6.5394], [9.4531, 6.5526], [9.4412, 6.5659], [9.4412, 6.5791], [9.4412, 6.5924], [9.4292, 6.6056], [9.4172, 6.6189], [9.4172, 6.6321], [9.4172, 6.6454], [9.4052, 6.6586], [9.4052, 6.6719], [9.3932, 6.6851], [9.3932, 6.6984], [9.3932, 6.7116], [9.3813, 6.7249], [9.3813, 6.7381], [9.3693, 6.7514], [9.3693, 6.7646], [9.3573, 6.7779], [9.3573, 6.7911], [9.3453, 6.8044], [9.3453, 6.8176], [9.3453, 6.8309], [9.3333, 6.8441], [9.3333, 6.8574], [9.3214, 6.8706], [9.3214, 6.8839], [9.3214, 6.8971], [9.3094, 6.9104], [9.3094, 6.9236], [9.3094, 6.9369], [9.3094, 6.9501], [9.3094, 6.9634], [9.3094, 7.5596], [9.3094, 8.1559], [9.3094, 8.1691], [9.3094, 8.1824], [9.3094, 8.1956], [9.3094, 8.2089], [9.3094, 8.2221], [9.3094, 8.2354], [9.3094, 8.2486], [9.3094, 8.2619], [9.3094, 8.2751], [9.3094, 8.2884], [9.3094, 8.3016], [9.3094, 8.3149], [9.3094, 8.3281], [9.3094, 8.3414], [9.3094, 8.3546], [9.3094, 8.3679], [9.3094, 8.3811], [9.3094, 8.3944], [9.3094, 8.4076], [9.3094, 8.4209], [9.3094, 8.4341], [9.3214, 8.4474], [9.3214, 8.4606], [9.3333, 8.4739], [9.3453, 8.4871], [9.3573, 8.5004], [9.3693, 8.5136], [9.3693, 8.5269], [9.3813, 8.5401], [9.3813, 8.5534], [9.3932, 8.5666], [9.4052, 8.5799], [9.4172, 8.5931], [9.4292, 8.6064], [9.4292, 8.6196], [9.4412, 8.6329], [9.4412, 8.6461], [9.4531, 8.6594], [9.4651, 8.6726], [9.4771, 8.6859], [9.4771, 8.6991], [9.4891, 8.7124], [9.5011, 8.7256], [9.5011, 8.7389], [9.5131, 8.7521], [9.525, 8.7654], [9.537, 8.7786], [9.537, 8.7919], [9.549, 8.8051], [9.549, 8.8184], [9.561, 8.8316], [9.573, 8.8449], [9.5849, 8.8581], [9.5849, 8.8714], [9.5969, 8.8846], [9.5969, 8.8979], [9.6089, 8.9111], [9.6209, 8.9244], [9.6329, 8.9376], [9.6448, 8.9509], [9.6448, 8.9641], [9.6568, 8.9774], [9.6688, 8.9906], [9.6688, 9.0039], [9.6808, 9.0171], [9.6928, 9.0304], [9.7047, 9.0436], [9.7047, 9.0569], [9.7167, 9.0701], [9.7167, 9.0834], [9.7287, 9.0966], [9.7407, 9.1099], [9.7527, 9.1231], [9.7527, 9.1364], [9.7647, 9.1496], [9.7766, 9.1629], [9.7886, 9.1761], [9.7886, 9.1894], [9.8006, 9.2027], [9.8006, 9.2159], [9.8126, 9.2292], [9.8246, 9.2424], [9.8365, 9.2557], [9.8365, 9.2689], [9.8485, 9.2822], [9.8605, 9.2954], [9.8605, 9.3087], [9.8725, 9.3219], [9.8725, 9.3352], [9.8845, 9.3484], [9.8964, 9.3617], [9.9084, 9.3749], [9.9084, 9.3882], [9.9204, 9.4014], [9.9204, 9.4147], [9.9324, 9.4279], [9.9444, 9.4412], [9.9564, 9.4544], [9.9564, 9.4677], [9.9683, 9.4809], [9.9803, 9.4942], [9.9923, 9.5074], [10.0043, 9.5207], [10.0043, 9.5339], [10.0163, 9.5472], [10.0163, 9.5604], [10.0282, 9.5737], [10.0522, 9.5869], [10.0762, 9.6002], [10.0762, 9.6134], [10.0762, 9.6267], [10.0762, 9.6399], [10.0881, 9.6532], [10.0881, 9.6664], [10.1001, 9.6797], [10.1001, 9.6929], [10.1121, 9.7062], [10.1121, 9.7194], [10.1241, 9.7327], [10.1361, 9.7459], [10.1481, 9.7592], [10.1481, 9.7724], [10.16, 9.7857], [10.16, 9.7989], [10.172, 9.8122], [10.184, 9.8254], [10.196, 9.8387], [10.196, 9.8519], [10.208, 9.8652], [10.2199, 9.8784], [10.2199, 9.8917], [10.2319, 9.9049], [10.2439, 9.9182], [10.2559, 9.9314], [10.2559, 9.9447], [10.2679, 9.9579], [10.2679, 9.9712], [10.2798, 9.9844], [10.2918, 9.9977], [10.3038, 10.0109], [10.3158, 10.0242], [10.3158, 10.0374], [10.3278, 10.0507], [10.3278, 10.0639], [10.3398, 10.0772], [10.3517, 10.0904], [10.3637, 10.1037], [10.3637, 10.1169], [10.3757, 10.1302], [10.3877, 10.1434], [10.3997, 10.1567], [10.3997, 10.1699], [10.4116, 10.1832], [10.4236, 10.1964], [10.4236, 10.2097], [10.4356, 10.2229], [10.4476, 10.2362], [10.4476, 10.2494], [10.4596, 10.2627], [10.4715, 10.2759], [10.4835, 10.2892], [10.4835, 10.3024], [10.4955, 10.3157], [10.5075, 10.3289], [10.5195, 10.3422], [10.5195, 10.3554], [10.5315, 10.3687], [10.5434, 10.3819], [10.5434, 10.3952], [10.5554, 10.4084], [10.5674, 10.4217], [10.5794, 10.4349], [10.5794, 10.4482], [10.5914, 10.4614], [10.5914, 10.4747], [10.6033, 10.4879], [10.6153, 10.5012], [10.6273, 10.5144], [10.6273, 10.5277], [10.6393, 10.5409], [10.6513, 10.5542], [10.6513, 10.5674], [10.6632, 10.5807], [10.6752, 10.5939], [10.6872, 10.6072], [10.6872, 10.6204], [10.6992, 10.6337], [10.7112, 10.6469], [10.7231, 10.6602], [10.7231, 10.6734], [10.7351, 10.6867], [10.7351, 10.6999], [10.7471, 10.7132], [10.7591, 10.7264], [10.7711, 10.7397], [10.7711, 10.7529], [10.7831, 10.7662], [10.7831, 10.7794], [10.795, 10.7927], [10.807, 10.8059], [10.807, 10.8192], [10.819, 10.8324], [10.831, 10.8457], [10.843, 10.8589], [10.843, 10.8722], [10.8549, 10.8854], [10.8669, 10.8987], [10.8669, 10.9119], [10.8789, 10.9252], [10.8909, 10.9384], [10.9029, 10.9517], [10.9029, 10.9649], [10.9148, 10.9782], [10.9268, 10.9914], [10.9268, 11.0047], [10.9388, 11.0179], [10.9508, 11.0312], [10.9628, 11.0444], [10.9628, 11.0577], [10.9748, 11.0709], [10.9867, 11.0842], [10.9987, 11.0974], [10.9987, 11.1107], [11.0107, 11.1239], [11.0227, 11.1372], [11.0347, 11.1504], [11.0347, 11.1637], [11.0466, 11.1769], [11.0466, 11.1902], [11.0586, 11.2034], [11.0706, 11.2167], [11.0826, 11.2299], [11.0826, 11.2432], [11.0946, 11.2564], [11.0946, 11.2697], [11.1065, 11.2829], [11.1185, 11.2962], [11.1185, 11.3094], [11.1305, 11.3227], [11.1425, 11.3359], [11.1545, 11.3492], [11.1545, 11.3624], [11.1665, 11.3757], [11.1784, 11.3889], [11.1904, 11.4022], [11.1904, 11.4154], [11.2024, 11.4287], [11.2144, 11.4419], [11.2144, 11.4552], [11.2264, 11.4684], [11.2383, 11.4817], [11.2503, 11.4949], [11.2623, 11.5082], [11.2623, 11.5214], [11.2743, 11.5347], [11.2743, 11.5479], [11.2863, 11.5612], [11.2982, 11.5744], [11.3102, 11.5877], [11.3102, 11.6009], [11.3222, 11.6142], [11.3222, 11.6274], [11.3342, 11.6407], [11.3462, 11.6539], [11.3582, 11.6672], [11.3701, 11.6804], [11.3701, 11.6937], [11.3821, 11.7069], [11.3821, 11.7202], [11.3941, 11.7334], [11.4061, 11.7467], [11.4181, 11.7599], [11.4181, 11.7732], [11.43, 11.7864], [11.43, 11.7997], [11.442, 11.8129], [11.454, 11.8262], [11.466, 11.8394], [11.478, 11.8527], [11.478, 11.8659], [11.478, 11.8792], [11.4899, 11.8924], [11.5019, 11.9057], [11.5139, 11.9189], [11.5259, 11.9322], [11.5259, 11.9454], [11.5379, 11.9587], [11.5499, 11.9719], [11.5499, 11.9852], [11.5618, 11.9984], [11.5738, 12.0117], [11.5858, 12.0249], [11.5858, 12.0382], [11.5978, 12.0514], [11.6098, 12.0647], [11.6217, 12.0779], [11.6217, 12.0912], [11.6337, 12.1044], [11.6457, 12.1177], [11.6457, 12.1309], [11.6577, 12.1442], [11.6697, 12.1574], [11.6697, 12.1707], [11.6816, 12.1839], [11.6936, 12.1972], [11.6936, 12.2104], [11.7056, 12.2237], [11.7176, 12.2369], [11.7296, 12.2502], [11.7296, 12.2634], [11.7415, 12.2767], [11.7535, 12.2899], [11.7535, 12.3032], [11.7655, 12.3164], [11.7775, 12.3297], [11.7775, 12.3429], [11.7895, 12.3562], [11.8015, 12.3694], [11.8015, 12.3827], [11.8134, 12.3959], [11.8254, 12.4092], [11.8374, 12.4224], [11.8374, 12.4357], [11.8494, 12.4489], [11.8614, 12.4622], [11.8614, 12.4754], [11.8733, 12.4887], [11.8853, 12.5019], [11.8973, 12.5152], [11.8973, 12.5284], [11.9093, 12.5417], [11.9093, 12.5549], [11.9213, 12.5682], [11.9332, 12.5814], [11.9452, 12.5947], [11.9452, 12.608], [11.9572, 12.6212], [11.9572, 12.6345], [11.9692, 12.6477], [11.9812, 12.661], [11.9932, 12.6742], [12.0051, 12.6875], [12.0051, 12.7007], [12.0171, 12.714], [12.0291, 12.7272], [12.0291, 12.7405], [12.0411, 12.7537], [12.0531, 12.767], [12.065, 12.7802], [12.065, 12.7935], [12.077, 12.8067], [12.089, 12.82], [12.101, 12.8332], [12.101, 12.8465], [12.113, 12.8597], [12.113, 12.873], [12.1249, 12.8862], [12.1369, 12.8995], [12.1489, 12.9127], [12.1489, 12.926], [12.1609, 12.9392], [12.1609, 12.9525], [12.1729, 12.9657], [12.1849, 12.979], [12.1968, 12.9922], [12.2088, 13.0055], [12.2088, 13.0187], [12.2208, 13.032], [12.2208, 13.0452], [12.2328, 13.0585], [12.2448, 13.0717], [12.2567, 13.085], [12.2687, 13.0982], [12.2687, 13.1115], [12.2687, 13.1247], [12.2807, 13.138], [12.2927, 13.1512], [12.3047, 13.1645], [12.3166, 13.1777], [12.3166, 13.191], [12.3286, 13.2042], [12.3406, 13.2175], [12.3406, 13.2307], [12.3526, 13.244], [12.3646, 13.2572], [12.3766, 13.2705], [12.3766, 13.2837], [12.3885, 13.297], [12.3885, 13.3102], [12.4005, 13.3235], [12.4125, 13.3367], [12.4245, 13.35], [12.4245, 13.3632], [12.4365, 13.3765], [12.4484, 13.3897], [12.4484, 13.403], [12.4604, 13.4162], [12.4724, 13.4295], [12.4724, 13.4427], [12.4844, 13.456], [12.4844, 13.4692], [12.4964, 13.4825], [12.5443, 13.4957], [12.5922, 13.509], [12.6401, 13.5222], [12.6881, 13.5355], [12.736, 13.5487], [12.7839, 13.562], [12.8318, 13.5752], [12.8798, 13.5885], [12.9277, 13.6017], [12.9756, 13.615], [13.0116, 13.6282], [13.0116, 13.6415], [13.0116, 13.6547], [13.0116, 13.668], [13.0116, 13.6812], [13.0116, 13.6945], [13.0116, 13.7077], [13.0116, 13.721], [18.0436, 13.1777]]",中央高地顶面区域；进入方式需另看台阶、隧道或 jump_capable 高差跨越。
blue_trapezoid_highland_top,trapezoid_highland_top,梯形高地上层平台,blue,terrain_region,polygon,,user_annotation,blue_direct,surface_passable_after_entry,,,,23.3214,3.6332,1946.5,933.333,"[[23.1356, 4.6446], [24.6573, 4.6446], [24.6573, 2.5378], [22.1292, 2.5246], [22.4767, 3.4256], [22.8721, 4.0218]]",用户圈出的梯形高地上层平台；与 43° 坡和梯形高地台阶关联。
red_trapezoid_highland_top,trapezoid_highland_top,梯形高地上层平台,red,terrain_region,polygon,,user_annotation_derived,red_180_rotated_from_blue,surface_passable_after_entry,,,,4.6667,11.3801,389.5,348.667,"[[4.8524, 10.3687], [3.3308, 10.3687], [3.3308, 12.4754], [5.8588, 12.4887], [5.5113, 11.5877], [5.116, 10.9914]]",用户圈出的梯形高地上层平台；与 43° 坡和梯形高地台阶关联。
